-- MySQL dump 10.11
--
-- Host: localhost    Database: db_inventory_pos
-- ------------------------------------------------------
-- Server version	5.0.45-community-nt

/*!40101 SET @OLD_CHARACTER_SET_CLIENT=@@CHARACTER_SET_CLIENT */;
/*!40101 SET @OLD_CHARACTER_SET_RESULTS=@@CHARACTER_SET_RESULTS */;
/*!40101 SET @OLD_COLLATION_CONNECTION=@@COLLATION_CONNECTION */;
/*!40101 SET NAMES utf8 */;
/*!40103 SET @OLD_TIME_ZONE=@@TIME_ZONE */;
/*!40103 SET TIME_ZONE='+00:00' */;
/*!40014 SET @OLD_UNIQUE_CHECKS=@@UNIQUE_CHECKS, UNIQUE_CHECKS=0 */;
/*!40014 SET @OLD_FOREIGN_KEY_CHECKS=@@FOREIGN_KEY_CHECKS, FOREIGN_KEY_CHECKS=0 */;
/*!40101 SET @OLD_SQL_MODE=@@SQL_MODE, SQL_MODE='NO_AUTO_VALUE_ON_ZERO' */;
/*!40111 SET @OLD_SQL_NOTES=@@SQL_NOTES, SQL_NOTES=0 */;

--
-- Table structure for table `tb_jenis_produk`
--

DROP TABLE IF EXISTS `tb_jenis_produk`;
CREATE TABLE `tb_jenis_produk` (
  `id_jenis_produk` varchar(5) NOT NULL,
  `nama_jenis_produk` varchar(100) NOT NULL,
  PRIMARY KEY  (`id_jenis_produk`)
) ENGINE=InnoDB DEFAULT CHARSET=latin1;

--
-- Dumping data for table `tb_jenis_produk`
--

LOCK TABLES `tb_jenis_produk` WRITE;
/*!40000 ALTER TABLE `tb_jenis_produk` DISABLE KEYS */;
INSERT INTO `tb_jenis_produk` VALUES ('DF','Dokumen Filateli'),('KM','Kemasan'),('MC','Merchandise'),('MS','MS'),('PR','Prangko'),('PS','Prisma'),('SHP','SHP'),('SHPSS','SHPSS'),('SS','SS');
/*!40000 ALTER TABLE `tb_jenis_produk` ENABLE KEYS */;
UNLOCK TABLES;

--
-- Table structure for table `tb_mitra`
--

DROP TABLE IF EXISTS `tb_mitra`;
CREATE TABLE `tb_mitra` (
  `id_mitra` varchar(5) NOT NULL,
  `nama_mitra` varchar(50) NOT NULL,
  `alamat` varchar(100) default NULL,
  `no_telp` varchar(15) default NULL,
  PRIMARY KEY  (`id_mitra`)
) ENGINE=InnoDB DEFAULT CHARSET=latin1 ROW_FORMAT=COMPACT;

--
-- Dumping data for table `tb_mitra`
--

LOCK TABLES `tb_mitra` WRITE;
/*!40000 ALTER TABLE `tb_mitra` DISABLE KEYS */;
INSERT INTO `tb_mitra` VALUES ('gg21','gudang jabar','jl. sekeloa','0223981974'),('pr092','Peruri','','');
/*!40000 ALTER TABLE `tb_mitra` ENABLE KEYS */;
UNLOCK TABLES;

--
-- Table structure for table `tb_produk`
--

DROP TABLE IF EXISTS `tb_produk`;
CREATE TABLE `tb_produk` (
  `id_produk` varchar(11) NOT NULL,
  `nama_produk` varchar(100) NOT NULL,
  `nominal` int(11) NOT NULL,
  `biaya_cetak` double NOT NULL,
  `stok` int(11) NOT NULL,
  `tahun` varchar(4) NOT NULL,
  `id_jenis_produk` varchar(5) NOT NULL,
  `nik` varchar(12) NOT NULL,
  `status` varchar(1) NOT NULL default '0',
  PRIMARY KEY  (`id_produk`),
  KEY `fk_id_jenis_produk` (`id_jenis_produk`),
  KEY `idx_nama` (`nama_produk`),
  KEY `idx_nominal` (`nominal`),
  KEY `idx_tahun` (`tahun`),
  KEY `fk_nik` (`nik`),
  CONSTRAINT `fk_id_jenis_produk` FOREIGN KEY (`id_jenis_produk`) REFERENCES `tb_jenis_produk` (`id_jenis_produk`) ON DELETE CASCADE ON UPDATE CASCADE,
  CONSTRAINT `fk_nik` FOREIGN KEY (`nik`) REFERENCES `tb_user` (`nik`) ON DELETE CASCADE ON UPDATE CASCADE
) ENGINE=InnoDB DEFAULT CHARSET=latin1;

--
-- Dumping data for table `tb_produk`
--

LOCK TABLES `tb_produk` WRITE;
/*!40000 ALTER TABLE `tb_produk` DISABLE KEYS */;
INSERT INTO `tb_produk` VALUES ('DF000000001','Dokumen Filateli Shio Kuda',100000,13655.05,0,'2014','DF','973351664','0'),('DF000000002','Dokumen Filateli Alat Musik Tradisional Reguler',121500,13312.42,100,'2014','DF','973351664','0'),('DF000000003','Dokumen PAUD',26000,7823.48,125,'2014','DF','973351664','0'),('DF000000004','Dokumen  150 thn Prangko Ind\'',53500,8573.42,100,'2014','DF','973351664','0'),('DF000000005','Dokumen Peduli Lingkungan Hidup',30000,7725.32,100,'2014','DF','973351664','0'),('DF000000006','Dokumen Burung Air ',68000,8917.64,100,'2014','DF','973351664','0'),('DF000000007','Dokumen Ibu Negara',58000,10857.7,50,'2014','DF','973351664','0'),('DF000000008','Dokumen 125 tahun paleontropologi',20000,7464.84,100,'2014','DF','973351664','0'),('DF000000009','Dokumen Aksara IND',32000,8231.24,125,'2014','DF','973351664','0'),('DF000000010','Dokumen Layanan Pos',68000,7604.44,125,'2014','DF','973351664','0'),('DF000000011','Dokumen Flora Fauna',25000,9714,100,'2014','DF','973351664','0'),('DF000000012','Dokmen Hari Kesehatan',20000,7434,125,'2014','DF','973351664','0'),('DF000000013','Dokumen Filateli Malaysia',28000,8026.5,125,'2014','DF','973351664','0'),('DF000000014','Dokumen HUT TNI ke 69',26000,9134.44,125,'2014','DF','973351664','0'),('DF000000015','Dokumen Jembatan',28000,7491.52,125,'2014','DF','973351664','0'),('DF000000016','Dokumen Pemilu',27500,7944.28,298,'2014','DF','973351664','0'),('DF000000017','DOKUMEN SHIO KAMBING',72000,22219.98,150,'2015','DF','973351664','0'),('DF000000018','DOKUMEN ALAT MUSIK TRAD',85000,18383.42,150,'2015','DF','973351664','0'),('DF000000019','DOKUMEN P BENCANA',31000,9187.64,150,'2015','DF','973351664','0'),('DF000000020','DOKUMEN JIS INA/KORUT',40000,3786.16,150,'2015','DF','973351664','0'),('DF000000021','DOKUMEN KALIMANTAN UTARA',64000,8699.28,148,'2015','DF','973351664','0'),('DF000000022','DOKUMEN PEDULI LINGKUNGAN',19000,8511.35,150,'2015','DF','973351664','0'),('DF000000023','DOKUMEN JAMBORE PRAMUKA DUNIA',28000,7480.84,150,'2015','DF','973351664','0'),('DF000000024','DOKUMEN JIS ASEAN',22000,8990,150,'2015','DF','973351664','0'),('DF000000025','DOKUMEN SINGAPURA',18000,9672.82,140,'2015','DF','973351664','0'),('DF000000026','DOKUMEN PRES DAN WAPRES',49000,15174.44,140,'2015','DF','973351664','0'),('DF000000027','DOKUMEN DPR 70 TAHUN',20000,12321.45,150,'2015','DF','973351664','0'),('DF000000028','Dokumen 70 thn PMI',20000,12321.45,150,'2015','DF','973351664','0'),('DF000000029','Dokumen Hapsak',15000,7573.4,120,'2015','DF','973351664','0'),('DF000000030','Dokumen Kebangkitan Industri Pthnan',26000,8341.74,150,'2015','DF','973351664','0'),('DF000000031','Dokumen Flora Fauna',25000,8873.92,120,'2015','DF','973351664','0'),('DF000000032','Daerah Tujuan Wisata',42000,11837.41,70,'2016','DF','973351664','0'),('DF000000033','Tahun Monyet',72000,31243,3,'2016','DF','973351664','0'),('DF000000034','Gerhana Matahari Total',41000,16147.9,35,'2016','DF','973351664','0'),('DF000000035','JIS Ina - Thailand',129000,59279,20,'2016','DF','973351664','0'),('KM000000001','Kemasan 50 th BI 03',7500,4609.91,199,'2005','KM','973351664','0'),('KM000000002','Kemasan Tata Surya 2003',25000,9075,0,'2005','KM','973351664','0'),('KM000000003','Album th 2001',250000,80399.92,15,'2005','KM','973351664','0'),('KM000000004','Kmsn th 2001 ind stamp',125000,21174.93,0,'2005','KM','973351664','0'),('KM000000005','Album Kemasan 1998',135000,9350,4,'2005','KM','973351664','0'),('KM000000006','Stamppack CR II 1999',20000,3465,0,'2005','KM','973351664','0'),('KM000000007','Stamppack UGM 1999',10000,1155,8,'2005','KM','973351664','0'),('KM000000008','Stamppack UI 2000',10000,1210,9,'2005','KM','973351664','0'),('KM000000009','Stamppack Tata Surya 01',17500,3190,0,'2005','KM','973351664','0'),('KM000000010','Kmsn Tematik Reformasi 01',30000,6050,0,'2005','KM','973351664','0'),('KM000000011','Kemasan BK + Prangko',50000,15620,21,'2005','KM','973351664','0'),('KM000000012','Kemasan BK + Istana',40000,8580,0,'2005','KM','973351664','0'),('KM000000013','Kemasan Khusus BK 2001',20000,5940,57,'2005','KM','973351664','0'),('KM000000014','Album Detik2 Proklamasi BH 02',60000,17459.12,6,'2005','KM','973351664','0'),('KM000000015','Album 100 Th BH 2002 + Coin',70000,31466,2,'2005','KM','973351664','0'),('KM000000016','Stamppack BH 2002',45000,9676.75,60,'2005','KM','973351664','0'),('KM000000017','Kmsn Putri gading cempaka 2003',15000,0,0,'2005','KM','973351664','0'),('KM000000018','Kmsn proklamator kemerdekaan 02',45000,0,0,'2005','KM','973351664','0'),('KM000000019','Kemasan BK + Rakyat',40000,0,10,'2005','KM','973351664','0'),('KM000000020','Kemasan BK + arsitektur',35000,0,42,'2005','KM','973351664','0'),('KM000000021','Album 1 Abad B K + Coin',100000,0,0,'2005','KM','973351664','0'),('KM000000022','Kem.12 Lambang Shio',100000,30910,98,'2007','KM','973351664','0'),('KM000000023','Kem Ina-China',75000,12773,0,'2007','KM','973351664','0'),('KM000000024','Blanko SP Harry Potter',2000,613.49,0,'2007','KM','973351664','0'),('KM000000025','Map Kemasan Harry Potter',5000,1002,1200,'2007','KM','973351664','0'),('KM000000026','Kemasan UNPAD',50000,12837,0,'2007','KM','973351664','0'),('KM000000027','Album Omnibus Asean',250000,29835.67,461,'2007','KM','973351664','0'),('KM000000028','Kem SP CT Ecophila',25000,992.22,40,'2007','KM','973351664','0'),('KM000000029','Kem SS CT Ecophila',7000,677.89,166,'2007','KM','973351664','0'),('KM000000030','Kem Prisma Looney Tunes',65000,22073.48,0,'2007','KM','973351664','0'),('KM000000031','Kem blankoPrisma Looney Tunes',5000,9625,725,'2007','KM','973351664','0'),('KM000000032','Album Asean 2003',110000,45000,40,'2007','KM','973351664','0'),('KM000000033','Kemasan Jelang Jakarta',35000,6394.67,686,'2008','KM','973351664','0'),('KM000000034','Kemasan Shio Tikus',40000,14223.47,0,'2008','KM','973351664','0'),('KM000000035','Kem. Sp Obor Olympiade Beijing',45000,10486.54,90,'2008','KM','973351664','0'),('KM000000036','Kemasan Ina-Kuba',50000,36801.18,6,'2008','KM','973351664','0'),('KM000000037','Kemasan Shio Kerbau 09',30000,9962.5,333,'2009','KM','973351664','0'),('KM000000038','Kemasan 50 Tahun ITB',45000,0,20,'2009','KM','973351664','0'),('KM000000039','Kemasan  WOC',80000,12561.46,84,'2009','KM','973351664','0'),('KM000000040','Kemasan Burung',45000,14975.55,1083,'2009','KM','973351664','0'),('KM000000041','Kemasan JIS Ina-Singapore',60000,29759.75,105,'2009','KM','973351664','0'),('KM000000042','Kmsn Prko Kehidupan Bawah Laut',12000,6046.28,30,'2010','KM','973351664','0'),('KM000000043','Kmsn Khusus Shio Kelinci ',100000,8693.16,4,'2011','KM','973351664','0'),('KM000000044','Kmsn Khusus Batik #3 sb',60000,13622.62,40,'2011','KM','973351664','0'),('KM000000045','Kmsn Kelinci reguler',30000,0,1,'2011','KM','973351664','0'),('KM000000046','Kemasan Shio Naga 2012',30000,7897,0,'2012','KM','973351664','0'),('KM000000047','Kmsn Khusus Shio Naga 12',100000,16171,0,'2012','KM','973351664','0'),('KM000000048','kmsn Edisi Khusus Kain 12',60000,16171,0,'2012','KM','973351664','0'),('KM000000049','Buku Kmsn Perangko 2011',350000,0,260,'2012','KM','973351664','0'),('KM000000050','Kemasan Ina - Korea',20000,3753.24,0,'2013','KM','973351664','0'),('KM000000051','Kemasan Pasukan Garuda ',30000,9732.96,0,'2013','KM','973351664','0'),('KM000000052','Kemasan Shio Kuda ',35000,8071,0,'2014','KM','973351664','0'),('KM000000053','Deluxe Sheet Panfila',100000,1925,505,'2014','KM','973351664','0'),('KM000000054','Kemasan Ibu Negara',50000,10857.7,0,'2014','KM','973351664','0'),('KM000000055','Kemasan Koi',7500,0,100,'2014','KM','973351664','0'),('KM000000056','Kmsn Prko 2013 (dokfil)',130000,17485,50,'2014','KM','973351664','0'),('KM000000057','Kemasan Kambing',60000,7150,0,'2015','KM','973351664','0'),('KM000000058','Kemasan JIS Asean',8000,4989.02,174,'2015','KM','973351664','0'),('KM000000059','Kemasan DTW',7500,6764.25,0,'2016','KM','973351664','0'),('KM000000060','Kmsn edsus Thn Monyet',100000,0,0,'2016','KM','973351664','0'),('KM000000061','Kmsn Gerhana M T',40000,0,0,'2016','KM','973351664','0'),('KM000000062','Kmsn Komodo Exercise',80000,0,0,'2016','KM','973351664','0'),('KM000000063','Kmsn Thn Monyet',100000,0,0,'2016','KM','973351664','0'),('KM000000064','Kmsn KTP Doraemon ',20000,1629,0,'2016','KM','973351664','0'),('KM000000065','Kmsn prisma kucing',64000,27632,0,'2016','KM','973351664','0'),('KM000000066','Kmsn KTP Kucing',35000,1474,0,'2016','KM','973351664','0'),('KM000000067','kmsn prisma Doraemon',64000,23782,699,'2016','KM','973351664','0'),('KM000000068','Kmsn Jis Ina Thailand',100000,40400,0,'2016','KM','973351664','0'),('KM000000069','kmsn PMR Jumbara',70000,24007.5,0,'2016','KM','973351664','0'),('KM000000070','kmsn edsus #5 jelang bd 2017',100000,0,0,'2016','KM','973351664','0'),('KM000000071','kmsn 70 th DPR RI',50000,13007.5,0,'2016','KM','973351664','0'),('KM000000072','kmsn #5 shio ayam 2017',100000,0,0,'2017','KM','973351664','0'),('KM000000073','Kemasan Prisma Seskoal',35000,0,0,'2017','KM','973351664','0'),('KM000000074','kemasan balipex 2017',100000,0,0,'2017','KM','973351664','0'),('KM000000075','kemasan 50 th LIPI 2017',80000,0,0,'2017','KM','973351664','0'),('KM000000076','Kemasan Jembatan',50000,0,0,'2017','KM','973351664','0'),('KM000000077','kmsn LE #1 BD 2017',1000000,0,0,'2017','KM','973351664','0'),('KM000000078','kmsn LE #2 BD 2017',1000000,0,0,'2017','KM','973351664','0'),('KM000000079','kmsn LE #3 BD 2017',1000000,0,0,'2017','KM','973351664','0'),('KM000000080','kmsn LE #4 BD 2017',1000000,0,0,'2017','KM','973351664','0'),('KM000000081','kmsn LE #5 BD 2017',1000000,0,0,'2017','KM','973351664','0'),('KM000000082','kmsn prisma BPOM',42000,0,0,'2017','KM','973351664','0'),('KM000000083','kmsn Prisma Kemenpar',351900,0,0,'2017','KM','973351664','0'),('KM000000084','kmsn prisma kemenlu 2017',68000,0,0,'2017','KM','973351664','0'),('MC000000001','Gantungan Kunci JKT\'08',5000,5500,106,'2009','MC','973351664','0'),('MC000000002','Celengan Bis Surat',50000,38170,221,'2009','MC','973351664','0'),('MC000000003','Katalog Prangko 2009',400000,375000,7,'2009','MC','973351664','0'),('MC000000004','Pinset',750,250,69,'2009','MC','973351664','0'),('MC000000005','Pigura Prisma Kecil',125000,134200,179,'2009','MC','973351664','0'),('MC000000006','Album Prangko Sisip',75000,49500,0,'2009','MC','973351664','0'),('MC000000007','KTP Rempah rempah',8000,7260,600,'2009','MC','973351664','0'),('MC000000008','KTP Flora fauna 2016',18000,9240,600,'2009','MC','973351664','0'),('MC000000009','KTP bergambar 2013',2500,2090,7210,'2009','MC','973351664','0'),('MC000000010','Hiasan Magnet-Gunungan',12000,0,0,'2009','MC','973351664','0'),('MC000000011','GANTUNGAN KUNCI',12000,0,0,'2009','MC','973351664','0'),('MC000000012','GANTUNGAN KUNCI METAL',15000,0,0,'2009','MC','973351664','0'),('MC000000013','Replika Bis Surat',120000,115500,0,'2009','MC','973351664','0'),('MC000000014','DOMPET MODEL SURAT',120000,60500,0,'2009','MC','973351664','0'),('MC000000015','Kaos Satelit Indonesia',80000,0,0,'2009','MC','973351664','0'),('MC000000016','Buku 150Th Prko Ind',800000,357000,667,'2009','MC','973351664','0'),('MC000000017','KTP Shio Ayam',12000,6160,1830,'2009','MC','973351664','0'),('MC000000018','KTP DTW',12000,6160,0,'2009','MC','973351664','0'),('MC000000019','KTP Floating Market',5000,1155,0,'2009','MC','973351664','0'),('MC000000020','KTP Kebun Raya Bogor',102000,52360,470,'2009','MC','973351664','0'),('MC000000021','KTP Post Crossing',9000,0,230,'2009','MC','973351664','0'),('MC000000022','KTP Buah Nusantara',12000,6160,575,'2009','MC','973351664','0'),('MC000000023','KTP Sail Sabang',3000,0,0,'2009','MC','973351664','0'),('MS000000001','MS.Gunung 03',11000,1304.34,0,'2003','MS','973351664','0'),('MS000000002','MS.Lomba Trad 03',10000,1445,0,'2003','MS','973351664','0'),('MS000000003','MS.Tata Surya 03',12000,1522.4,0,'2003','MS','973351664','0'),('MS000000004','Booklet Flora Fauna 03',18000,1344.96,0,'2003','MS','973351664','0'),('MS000000005','Cerita Rakyat',6000,654.19,0,'2006','MS','973351664','0'),('MS000000006','MS UNCUT FLORA FAUNA',100000,25052.04,0,'2006','MS','973351664','0'),('MS000000007','MS Ina-Slovakia',44000,4175.34,0,'2006','MS','973351664','0'),('MS000000008','MS 12 Lambang Shio',30000,4175.34,0,'2007','MS','973351664','0'),('MS000000009','MS Bangkok',12000,976.95,0,'2007','MS','973351664','0'),('MS000000010','MS JIS Jepang-Ina',60000,60000,0,'2008','MS','973351664','0'),('MS000000011','MS Turki-Ina',50000,50000,0,'2008','MS','973351664','0'),('MS000000012','MS Shio Kerbau 09',12000,1732.5,0,'2009','MS','973351664','0'),('MS000000013','MS Singapore 09',31000,1784.75,0,'2009','MS','973351664','0'),('MS000000014','MS Burung CT Jipex 09',15000,2191.75,0,'2009','MS','973351664','0'),('MS000000015','MS JIS Ina-Iran 09',27000,1815,0,'2009','MS','973351664','0'),('MS000000016','Shio Macan MS',9000,4838,0,'2010','MS','973351664','0'),('MS000000017','Booklet Piala Dunia 2010',6000,705.24,0,'2010','MS','973351664','0'),('MS000000018','MS 100 Th. Muhammadiyah',9000,4270.13,200,'2010','MS','973351664','0'),('MS000000019','MS Flora-Fauna 2010',20000,4318,0,'2010','MS','973351664','0'),('MS000000020','MS Lambang Provinsi  2010',16500,4036.8,0,'2010','MS','973351664','0'),('MS000000021','MS  Shio Kelinci  2011',17000,1175.87,200,'2011','MS','973351664','0'),('MS000000022','MS Gemar Ikan',9500,1216.38,0,'2011','MS','973351664','0'),('MS000000023','MS Kain Tradisional  (Pan. SB)',20000,1728.55,0,'2011','MS','973351664','0'),('MS000000024','MS Ina - Malaysia',20000,3828.97,470,'2011','MS','973351664','0'),('MS000000025','MS Shio Naga 2012',15000,1187.75,0,'2012','MS','973351664','0'),('MS000000026','MS Kain Tradisional bali',20000,1221.53,0,'2012','MS','973351664','0'),('MS000000027','MS KAN TRAD #7 jkt',2500,1221.53,0,'2012','MS','973351664','0'),('MS000000028','MS BURUNG TERANCAM PUNAH',2500,1018.33,0,'2012','MS','973351664','0'),('MS000000029','MS TAHUN ULAR 2564',30000,1344.75,798,'2013','MS','973351664','0'),('MS000000030','MS Tahun Kuda ',15000,1457,400,'2014','MS','973351664','0'),('MS000000031','MS Burung Air ',20000,1287,0,'2014','MS','973351664','0'),('MS000000032','MS Kambing Special Edisi',22000,1620,0,'2015','MS','973351664','0'),('MS000000033','MS Kambing ',18000,1620,1000,'2015','MS','973351664','0'),('MS000000034','MS Tahun Monyet',18000,5456.36,32,'2016','MS','973351664','0'),('MS000000035','MS JIS Ina-Thailand',64000,9200,2896,'2016','MS','973351664','0'),('MS000000036','ms imperf thn monyet',18000,7603,0,'2016','MS','973351664','0'),('MS000000037','MS Pon XIX',36000,4109,0,'2016','MS','973351664','0'),('MS000000038','Ms flora fauna 2016 (kupu kupu)',18000,3322,0,'2016','MS','973351664','0'),('MS000000039','ms imperf Bandung Thailand  night',160000,20160.16,0,'2016','MS','973351664','0'),('MS000000040','MS Shio Ayam',18000,1785,0,'2017','MS','973351664','0'),('MS000000041','MSDaerah Tujuan Wisata',40000,3335,0,'2017','MS','973351664','0'),('MS000000042','MS Shio Ayam CT',18000,3820,0,'2017','MS','973351664','0'),('MS000000043','ms kebebasan pers 2017',32000,3729,0,'2017','MS','973351664','0'),('MS000000044','MS dua abad kebon raya bogor',102000,7618,0,'2017','MS','973351664','0'),('MS000000045','MS Daerah Tujuan Wisata CT',40000,3935,0,'2017','MS','973351664','0'),('PR000000001','Cerita Rakyat 03',1500,90.24,0,'2003','PR','973351664','0'),('PR000000002','Sea Games 03',1000,168.13,0,'2003','PR','973351664','0'),('PR000000003','Sea Games 03',1500,168.13,0,'2003','PR','973351664','0'),('PR000000004','Sea Games 03',2500,168.13,0,'2003','PR','973351664','0'),('PR000000005','Gunung 03',1000,176.52,0,'2003','PR','973351664','0'),('PR000000006','Gunung 03',1000,176.52,0,'2003','PR','973351664','0'),('PR000000007','Gunung 03',1000,176.52,0,'2003','PR','973351664','0'),('PR000000008','Gunung 03',500,176.52,0,'2003','PR','973351664','0'),('PR000000009','Gunung 03',2000,176.52,0,'2003','PR','973351664','0'),('PR000000010','50 th Bank Indonesia 03',1000,217.35,0,'2003','PR','973351664','0'),('PR000000011','50 th Bank Indonesia 03',1500,217.35,0,'2003','PR','973351664','0'),('PR000000012','Tata Suya 03',1000,147.95,0,'2003','PR','973351664','0'),('PR000000013','Tata Suya 03',1500,147.95,0,'2003','PR','973351664','0'),('PR000000014','Sumpah Pemuda 03',1500,75.66,0,'2003','PR','973351664','0'),('PR000000015','Flora Fauna 03',1500,124.97,0,'2003','PR','973351664','0'),('PR000000016','Tokoh Nasional 03         ',2000,55.275,0,'2003','PR','973351664','0'),('PR000000017','Lomba Tradisional 03',1000,89.38,0,'2003','PR','973351664','0'),('PR000000018','Lomba Tradisional 03',1500,89.38,0,'2003','PR','973351664','0'),('PR000000019','Pramuka 03',1500,170.67,0,'2003','PR','973351664','0'),('PR000000020','Pariwisata 03             ',1000,89.58,0,'2003','PR','973351664','0'),('PR000000021','Pariwisata 03',1500,89.58,0,'2003','PR','973351664','0'),('PR000000022','Buah-buahan (durian)',300,26.22,0,'2003','PR','973351664','0'),('PR000000023','Buah-buahan (belimbing)',500,26.22,0,'2003','PR','973351664','0'),('PR000000024','Buah-buahan  ( mengkudu)',1500,26.22,0,'2003','PR','973351664','0'),('PR000000025','Buah-buahan (mangga)',3000,26.22,0,'2003','PR','973351664','0'),('PR000000026','Porto bayar warna biru',3000,1336.5,0,'2003','PR','973351664','0'),('PR000000027','Porto bayar warna biru',5000,1336.5,0,'2003','PR','973351664','0'),('PR000000028','Porto bayar warna biru',10000,1336.5,0,'2003','PR','973351664','0'),('PR000000029','Porto bayar warna biru',20000,1336.5,0,'2003','PR','973351664','0'),('PR000000030','Porto bayar warna biru',25000,1336.5,0,'2003','PR','973351664','0'),('PR000000031','Porto bayar warna biru',30000,1336.5,0,'2003','PR','973351664','0'),('PR000000032','Porto bayar warna merah',3000,1336.5,0,'2003','PR','973351664','0'),('PR000000033','Porto bayar warna merah',5000,1336.5,0,'2003','PR','973351664','0'),('PR000000034','Porto bayar warna merah',10000,1336.5,0,'2003','PR','973351664','0'),('PR000000035','Porto bayar warna merah',20000,1336.5,0,'2003','PR','973351664','0'),('PR000000036','Porto bayar warna merah',25000,1336.5,0,'2003','PR','973351664','0'),('PR000000037','Porto bayar warna merah',30000,1336.5,0,'2003','PR','973351664','0'),('PR000000038','NKRI 04',1500,44.73,0,'2004','PR','973351664','0'),('PR000000039','Cerita Rakyat 04',1500,69.78,0,'2004','PR','973351664','0'),('PR000000040','Museum 04',1500,54.07,0,'2004','PR','973351664','0'),('PR000000041','Pemilu 04',1500,54.07,0,'2004','PR','973351664','0'),('PR000000042','Olympiade Athena',2500,187.2,0,'2004','PR','973351664','0'),('PR000000043','Tokoh Wanita 04',2500,132.19,0,'2004','PR','973351664','0'),('PR000000044','Peduli Lingkungan 04',1500,54.07,0,'2004','PR','973351664','0'),('PR000000045','Makanan Tradisional 04',1500,63.44,0,'2004','PR','973351664','0'),('PR000000046','Kendaraan Presiden 04',2500,174.44,0,'2004','PR','973351664','0'),('PR000000047','PON XVI 04',1500,77.53,0,'2004','PR','973351664','0'),('PR000000048','Flora Fauna 04',1500,59.49,0,'2004','PR','973351664','0'),('PR000000049','Hari Guru Nasional 04',1500,59.49,0,'2004','PR','973351664','0'),('PR000000050','Cerita Rakyat 05',1500,116.66,0,'2005','PR','973351664','0'),('PR000000051','50 Th KAA 05',2500,201.63,0,'2005','PR','973351664','0'),('PR000000052','Bencana Alam 05',1800,58.93,0,'2005','PR','973351664','0'),('PR000000053','Peduli Lingkungan 05',1500,82.02,0,'2005','PR','973351664','0'),('PR000000054','600 Th Pel.Laks Zheng He',2500,129.71,0,'2005','PR','973351664','0'),('PR000000055','Makanan Tradisional 05',1500,71.36,0,'2005','PR','973351664','0'),('PR000000056','Presiden/Wapres 05',1500,250.98,0,'2005','PR','973351664','0'),('PR000000057','Presiden/Wapres 05',2500,250.98,0,'2005','PR','973351664','0'),('PR000000058','Hemat Energi 05',1500,46.59,0,'2005','PR','973351664','0'),('PR000000059','Hemat Energi 05',2000,46.59,0,'2005','PR','973351664','0'),('PR000000060','Hemat Energi 05',2500,46.59,0,'2005','PR','973351664','0'),('PR000000061','Kapal Borobudur 05',1500,139.77,0,'2005','PR','973351664','0'),('PR000000062','Flora Fauna 05',1500,116.42,0,'2005','PR','973351664','0'),('PR000000063','Cerita Rakyat 06',1500,79.57,0,'2006','PR','973351664','0'),('PR000000064','Hari Filateli 06',42000,122.5,0,'2006','PR','973351664','0'),('PR000000065','Piala Dunia',2500,539,0,'2006','PR','973351664','0'),('PR000000066','Piala Dunia set',10000,539,0,'2006','PR','973351664','0'),('PR000000067','Piala Dunia fulsheet',40000,2156,0,'2006','PR','973351664','0'),('PR000000068','Peduli Lingkungan',1500,58.89,0,'2006','PR','973351664','0'),('PR000000069','Makanan Tradisional',1500,64.84,0,'2006','PR','973351664','0'),('PR000000070','Jambore Nasional',1500,68.05,0,'2006','PR','973351664','0'),('PR000000071','Tokoh Nasional',1500,42.53,0,'2006','PR','973351664','0'),('PR000000072','Tokoh Nasional CT',1500,49.286875,0,'2006','PR','973351664','0'),('PR000000073','Indonesia Slowakia',2500,79.57,0,'2006','PR','973351664','0'),('PR000000074','Hari Raya Islam',1500,18.95875,0,'2006','PR','973351664','0'),('PR000000075','Slowakia-Ind',15000,15000,0,'2006','PR','973351664','0'),('PR000000076','Flora-Fauna',1500,88.42,0,'2006','PR','973351664','0'),('PR000000077','Kerajinan Indonesia',1500,82.68,0,'2006','PR','973351664','0'),('PR000000078','12 Lambang Shio',1500,88.42,0,'2007','PR','973351664','0'),('PR000000079','Indonesia China',2500,88.42,0,'2007','PR','973351664','0'),('PR000000080','China-Indonesia',1500,88.42,0,'2007','PR','973351664','0'),('PR000000081','Gemar Membaca',1500,88.42,0,'2007','PR','973351664','0'),('PR000000082','Peduli Lingkungan',1500,64.78,0,'2007','PR','973351664','0'),('PR000000083','Hari Anti mNarkoba',1500,64.78,0,'2007','PR','973351664','0'),('PR000000084','Makanan Tradisional',1500,64.78,0,'2007','PR','973351664','0'),('PR000000085','Seabad Kepanduan',2500,32.39,0,'2007','PR','973351664','0'),('PR000000086','Prko Booklet Kepanduan',15000,194.34,0,'2007','PR','973351664','0'),('PR000000087','Omnibus Asean',1500,64.78,0,'2007','PR','973351664','0'),('PR000000088','Mercusuar',1500,70.77,0,'2007','PR','973351664','0'),('PR000000089','50 TH UNPAD',1500,88.72,0,'2007','PR','973351664','0'),('PR000000090','Flora Fauna (Kupu2)',1500,70.77,0,'2007','PR','973351664','0'),('PR000000091','Sea Games XXIV',2500,70.77,0,'2007','PR','973351664','0'),('PR000000092','50 Th Dek Djuanda',1500,70.77,0,'2007','PR','973351664','0'),('PR000000093','Hemat Energi',6000,70.77,0,'2007','PR','973351664','0'),('PR000000094','Seri Shio Tikus',2000,145.15,0,'2008','PR','973351664','0'),('PR000000095','Olympiade Beijing 08',2500,208.86,0,'2008','PR','973351664','0'),('PR000000096','Ucapan Selamat',5000,0,0,'2008','PR','973351664','0'),('PR000000097','Indonesia-Jepang 08',0,0,0,'2008','PR','973351664','0'),('PR000000098','Gunung',2500,198.18,0,'2008','PR','973351664','0'),('PR000000099','Candi',2500,198.18,0,'2008','PR','973351664','0'),('PR000000100','Bunga',2500,198.18,0,'2008','PR','973351664','0'),('PR000000101','Angklung',2500,198.18,0,'2008','PR','973351664','0'),('PR000000102','Arwana',2500,198.18,0,'2008','PR','973351664','0'),('PR000000103','Pendidikan Luar Biasa',1500,186.3,0,'2008','PR','973351664','0'),('PR000000104','Prko Ina-Kuba',4500,293.11,0,'2008','PR','973351664','0'),('PR000000105','100 Th. HARKITNAS',1500,143.13,0,'2008','PR','973351664','0'),('PR000000106','Peduli Lingkungan 08',1500,122.5,0,'2008','PR','973351664','0'),('PR000000107','PON XVII 08',1500,219.53,0,'2008','PR','973351664','0'),('PR000000108','Makanan Tradisional 08',1500,125.53,0,'2008','PR','973351664','0'),('PR000000109','Prangko Kuba (2 kep)',10000,10000,0,'2008','PR','973351664','0'),('PR000000110','Lambang Provinsi Bali',1500,198.18,0,'2008','PR','973351664','0'),('PR000000111','Lambang Prov. Gorontalo',1500,198.18,0,'2008','PR','973351664','0'),('PR000000112','Lambang Provinsi Jabar',1500,198.18,0,'2008','PR','973351664','0'),('PR000000113','Lambang Provinsi Jateng',1500,198.18,0,'2008','PR','973351664','0'),('PR000000114','Lambang Provinsi Kalbar',1500,198.18,0,'2008','PR','973351664','0'),('PR000000115','Lambang Provinsi Maluku',1500,198.18,0,'2008','PR','973351664','0'),('PR000000116','Lambang Provinsi NAD',1500,198.18,0,'2008','PR','973351664','0'),('PR000000117','Lambang Provinsi Papua',1500,198.18,0,'2008','PR','973351664','0'),('PR000000118','Lambang Provinsi Riau',1500,198.18,0,'2008','PR','973351664','0'),('PR000000119','Lambang Provinsi Sulbar',1500,198.18,0,'2008','PR','973351664','0'),('PR000000120','Lambang Provinsi Sumbar',1500,198.18,0,'2008','PR','973351664','0'),('PR000000121','Jalan Raya Pos',2500,136.46,0,'2008','PR','973351664','0'),('PR000000122','Cut Nyak Dien 2008',1500,124.5,0,'2008','PR','973351664','0'),('PR000000123','Pulau Kecil Teluar 08',1500,95.83,0,'2008','PR','973351664','0'),('PR000000124','JIS Singapore - Ina',1500,198.48,0,'2009','PR','973351664','0'),('PR000000125','JIS Singapore - Ina',2500,198.48,0,'2009','PR','973351664','0'),('PR000000126','JIS Singapore - Ina',4000,198.48,0,'2009','PR','973351664','0'),('PR000000127','JIS Singapore - Ina',7500,198.48,0,'2009','PR','973351664','0'),('PR000000128','Jis Iran - Ina',1500,104.08,0,'2009','PR','973351664','0'),('PR000000129','Jis Iran - Ina',3000,104.08,0,'2009','PR','973351664','0'),('PR000000130','Shio Macan ',1500,88.96,0,'2010','PR','973351664','0'),('PR000000131','Piala Dunia  Afsel  2010',1500,176.31,0,'2010','PR','973351664','0'),('PR000000132','Peduli Lingkungan',1500,131.72,0,'2010','PR','973351664','0'),('PR000000133','100 Th. Muhammadiyah',1500,170.53,0,'2010','PR','973351664','0'),('PR000000134','Youth Olympic Games',1500,111.78,0,'2010','PR','973351664','0'),('PR000000135','Presiden dan Wapres RI',2500,164.08,0,'2010','PR','973351664','0'),('PR000000136','200 th. Kota Bandung',1000,182.09,0,'2010','PR','973351664','0'),('PR000000137','200 th Kota Bandung',1500,182.09,0,'2010','PR','973351664','0'),('PR000000138','Kehidupan Bawah Laut',1500,136.57,0,'2010','PR','973351664','0'),('PR000000139','Shio Kelinci  2011',1500,131.48,44785,'2011','PR','973351664','0'),('PR000000140','Shio Kelinci  2011',3000,131.48,14722,'2011','PR','973351664','0'),('PR000000141','Shio Kelinci  2011',4000,131.48,48854,'2011','PR','973351664','0'),('PR000000142','Upacara Adat',1500,83.71,89620,'2011','PR','973351664','0'),('PR000000143','Tahun Kimia Internasional',1500,173.2,41133,'2011','PR','973351664','0'),('PR000000144','Tahun Kimia Internasional',2500,173.2,40462,'2011','PR','973351664','0'),('PR000000145','Tahun Antariksa',2500,121.39,62815,'2011','PR','973351664','0'),('PR000000146','Internet Sehat dan aman',2500,121.03,75666,'2011','PR','973351664','0'),('PR000000147','Peduli Lingkungan',2500,97.69,54937,'2011','PR','973351664','0'),('PR000000148','Gerakan Pramuka',2500,97.32,247921,'2011','PR','973351664','0'),('PR000000149','Jis Ina - Malaysia    (8)',2500,140.65,567461,'2011','PR','973351664','0'),('PR000000150','Tokoh Nasional',2500,110.39,108732,'2011','PR','973351664','0'),('PR000000151','Art. Landmark    (5)',2500,94.29,372490,'2011','PR','973351664','0'),('PR000000152','Trikora   I',2500,111.05,44135,'2011','PR','973351664','0'),('PR000000153','Trikora  II  (3)',2500,111.05,256337,'2011','PR','973351664','0'),('PR000000154','JIS  Ina- Afsel    (5)',2500,178.49,373174,'2011','PR','973351664','0'),('PR000000155','Sea Games   (6)',2500,98.95,418106,'2011','PR','973351664','0'),('PR000000156','Flora - Fauna  (2)',2500,97.69,93923,'2011','PR','973351664','0'),('PR000000157','Kain 24 provisi',2500,106.59,509119,'2011','PR','973351664','0'),('PR000000158','Shio Naga 2012',2500,98.35,222616,'2012','PR','973351664','0'),('PR000000159','PON XVIII Riau (6 )',2500,97.69,407741,'2012','PR','973351664','0'),('PR000000160','JIS AFSEL-INA 2011   (10)',25000,178.49,100,'2012','PR','973351664','0'),('PR000000161','Prko 50 Tahun APPU',5000,123.6,1786,'2012','PR','973351664','0'),('PR000000162','Kain Trad Indonesia bali keping',2500,106.59,409449,'2012','PR','973351664','0'),('PR000000163','PEDULI LINGKUNGAN',2000,125.81,122545,'2012','PR','973351664','0'),('PR000000164','FULLSHEET KAIN TRAD (jkt)',2500,122.34,33672,'2012','PR','973351664','0'),('PR000000165','BURUNG TERANCAM PUNAH',2500,416.24,407347,'2012','PR','973351664','0'),('PR000000166','MAKANAN TRAD',2500,123.6,124397,'2012','PR','973351664','0'),('PR000000167','PRKO KEPANDUAN',2500,104.06,167535,'2012','PR','973351664','0'),('PR000000168','PRKO SIARAN TV',2500,123.6,109618,'2012','PR','973351664','0'),('PR000000169','PRKO JATI DIRI BANGSA',2500,104.06,283029,'2012','PR','973351664','0'),('PR000000170','KUSKUS TUTUL HITAM',2500,104.06,83220,'2012','PR','973351664','0'),('PR000000171','KANDELIA CANDEL',2500,104.06,83220,'2012','PR','973351664','0'),('PR000000172','Bangunan Ibadah',2500,101.67,503291,'2012','PR','973351664','0'),('PR000000173','PRKO TAHUN ULAR 2564',2500,100.97,851037,'2013','PR','973351664','0'),('PR000000174','PRKO TAHUN ULAR 2564',5000,100.97,851037,'2013','PR','973351664','0'),('PR000000175','PRKO TAHUN ULAR 2564',7500,100.97,851037,'2013','PR','973351664','0'),('PR000000176','PRKO RATU BOKO (keping)',2500,260.16,119029,'2013','PR','973351664','0'),('PR000000177','PRKO JIS IND-MEXICO',8000,226.62,415704,'2013','PR','973351664','0'),('PR000000178','PRKO ALAT MUSIK TRAD',30000,1305.37,206170,'2013','PR','973351664','0'),('PR000000179','PRKO KIHAJAR DEWANTORO',2500,109.83,106898,'2013','PR','973351664','0'),('PR000000180','PRKO 50 th IRIAN BARAT (keping',2500,329.49,509733,'2013','PR','973351664','0'),('PR000000181','PRKO PEDULI LINGK',5000,284.44,184730,'2013','PR','973351664','0'),('PR000000182','PRKO. LEM. PURBAKALA',5000,258.54,178512,'2013','PR','973351664','0'),('PR000000183','PRKO PMI',6000,240.8,0,'2013','PR','973351664','0'),('PR000000184','SOS CHILDREN. BERSAMA',2500,130.53,79837,'2013','PR','973351664','0'),('PR000000185','SOS CHILDREN. PNGASUH',2500,130.53,79837,'2013','PR','973351664','0'),('PR000000186','Indonesia Korea',7500,226.62,376407,'2013','PR','973351664','0'),('PR000000187','Pasukan Garuda 4x2.500 tahun 2013',10000,226.62,0,'2013','PR','973351664','0'),('PR000000188','Pasukan Garuda ',2500,226.62,537451,'2013','PR','973351664','0'),('PR000000189','Prko Flora Fauna (hiu)',5000,219.66,229680,'2013','PR','973351664','0'),('PR000000190','Prko Pemilu',10000,479.64,200,'2014','PR','973351664','0'),('PR000000191','Prko Tahun Kuda',7500,344.55,0,'2014','PR','973351664','0'),('PR000000192','PRKO ALAT MUSIK TRAD',57000,1623.82,5800,'2014','PR','973351664','0'),('PR000000193','Prko 150 thn Ind',23000,736.71,1200,'2014','PR','973351664','0'),('PR000000194','Prko PAUD',9000,361.74,0,'2014','PR','973351664','0'),('PR000000195','Prko Peduli Lingkungan',6000,312.68,0,'2014','PR','973351664','0'),('PR000000196','Burung Air / Pantai IND',20000,911.32,0,'2014','PR','973351664','0'),('PR000000197','Ibu Negara',25000,960.1,0,'2014','PR','973351664','0'),('PR000000198','Penanggalan Aksara',12000,277.12,0,'2014','PR','973351664','0'),('PR000000199','Prko 125 thn Paleontropolg',6000,369.86,0,'2014','PR','973351664','0'),('PR000000200','Prko HUT TNI ke 69',9000,827.22,0,'2014','PR','973351664','0'),('PR000000201','Prko Flora Fauna\'',6000,198.26,0,'2014','PR','973351664','0'),('PR000000202','Prko Kesehatan',6000,284,0,'2014','PR','973351664','0'),('PR000000203','Prko Jembatan',10000,198.26,0,'2014','PR','973351664','0'),('PR000000204','Prangko Shio Kambing',9000,392.49,0,'2015','PR','973351664','0'),('PR000000205','PRKO ALAT MUSIK TRAD',33000,1618.98,0,'2015','PR','973351664','0'),('PR000000206','Prangko Penanggulangan Bencana',9000,410.07,0,'2015','PR','973351664','0'),('PR000000207','Prangko Jis Ina/Korut',16000,295.58,11229,'2015','PR','973351664','0'),('PR000000208','Prangko Kalimantan Utara',24000,1069.52,0,'2015','PR','973351664','0'),('PR000000209','Prangko Peduli Lingkungan',3000,176.55,0,'2015','PR','973351664','0'),('PR000000210','Prangko Jambore Pramuka',10000,192.92,0,'2015','PR','973351664','0'),('PR000000211','Prangko JIS Asean',7000,349.51,0,'2015','PR','973351664','0'),('PR000000212','Prangko Pres dan Wapres',10000,503.42,0,'2015','PR','973351664','0'),('PR000000213','Prangko DPR ke 70 thn',6000,475.12,0,'2015','PR','973351664','0'),('PR000000214','Prangko 70 thn PMI',6000,475.12,0,'2015','PR','973351664','0'),('PR000000215','Prangko Hapsak',3000,239.2,0,'2015','PR','973351664','0'),('PR000000216','Prangko Industri Pertahanan',9000,529.14,0,'2015','PR','973351664','0'),('PR000000217','Prangko Flora Fauna',6000,296,0,'2015','PR','973351664','0'),('PR000000218','Daerah Tujuan Wisata (4)',12000,639.08,0,'2016','PR','973351664','0'),('PR000000219','Tahun Monyet (3)',9000,446.7,0,'2016','PR','973351664','0'),('PR000000220','Gerhana Matahari Total (3)',9000,446.7,0,'2016','PR','973351664','0'),('PR000000221','Rempah rempah ',12000,702.88,0,'2016','PR','973351664','0'),('PR000000222','Satelit Indonesia (rp4000x6)',24000,928.26,0,'2016','PR','973351664','0'),('PR000000223','Shio Ayam (rp3.000x3kpg)',9000,435.6,0,'2017','PR','973351664','0'),('PR000000224','Kebebasan pers 2017 (2 kpg)',8000,221.94,0,'2017','PR','973351664','0'),('PR000000225','200 thn Pattimura',3000,376.9,0,'2017','PR','973351664','0'),('PR000000226','100th lion club (2 kpg)',10000,230.31,0,'2017','PR','973351664','0'),('PR000000227','Peduli Lingkungan (2 kpg)',8000,776.6,16600,'2017','PR','973351664','0'),('PR000000228','Post Crossing (3 kpg)',9000,624.9,0,'2017','PR','973351664','0'),('PR000000229','50 th ASEAN',5000,186.17,10560,'2017','PR','973351664','0'),('PR000000230','Jis Ina Singapura (2 kpg)',10000,614,220440,'2017','PR','973351664','0'),('PR000000231','Indonesia Emas 2045 (3kpg)',9000,678,42780,'2017','PR','973351664','0'),('PR000000232','Buah Nusantara 2017 (4 kpg)',12000,928,203800,'2017','PR','973351664','0'),('PR000000233','Jembatan 2017',3000,245.66,12050,'2017','PR','973351664','0'),('PR000000234','Jembatan 2017',4000,245.66,12050,'2017','PR','973351664','0'),('PR000000235','Jembatan 2017',5000,245.66,57750,'2017','PR','973351664','0'),('PS000000001','Prisma Ulang Tahun 2003 f10',30000,2326.5,4171,'2005','PS','973351664','0'),('PS000000002','Prisma Ulang Tahun 2003',45000,2326.5,1252,'2005','PS','973351664','0'),('PS000000003','Prisma Ucapan Selamat biasa 2003',35000,1311.34,0,'2005','PS','973351664','0'),('PS000000004','Prisma Ikan KOI 2003',45000,1311.34,0,'2005','PS','973351664','0'),('PS000000005','Prisma Bunga Matahari 2003',45000,1311.34,0,'2005','PS','973351664','0'),('PS000000006','Hari Raya Islam 2006',20000,786.5,32089,'2006','PS','973351664','0'),('PS000000007','P. Jabatangan Nasional 072001-01',45000,3224.22,191,'2006','PS','973351664','0'),('PS000000008','P, Jabatangan Tradisional 072001-02',45000,3224.22,165,'2006','PS','973351664','0'),('PS000000009','P, Jabatangan Bendera 07,2001-03',45000,3847.8,32,'2006','PS','973351664','0'),('PS000000010','P, Jabatangan Bunga 07,2001-04',45000,3224.22,1517,'2006','PS','973351664','0'),('PS000000011','Prisma Harfot Kel DA',30000,3146,3666,'2006','PS','973351664','0'),('PS000000012','Prisma Harfot Kel OP',30000,3146,2879,'2006','PS','973351664','0'),('PS000000013','Prisma Harfot Kel FF',30000,3146,98,'2006','PS','973351664','0'),('PS000000014','Prisma Harfot Kel DARK',30000,3146,389,'2006','PS','973351664','0'),('PS000000015','Seni Pertunjukan lbr 1',27000,3542,56,'2006','PS','973351664','0'),('PS000000016','Seni Pertunjukan lbr 2',27000,3542,246,'2006','PS','973351664','0'),('PS000000017','Seni Pertunjukan lbr 3',27000,3542,34,'2006','PS','973351664','0'),('PS000000018','Seni Pertunjukan lbr 4',27000,3542,228,'2006','PS','973351664','0'),('PS000000019','Prisma Looney Tunes lbr 1',15000,786.5,92,'2006','PS','973351664','0'),('PS000000020','Prisma Looney Tunes lbr 2',15000,786.5,92,'2006','PS','973351664','0'),('PS000000021','Prisma Looney Tunes lbr 3',15000,786.5,92,'2006','PS','973351664','0'),('PS000000022','Prisma Looney Tunes lbr 4',15000,786.5,92,'2006','PS','973351664','0'),('PS000000023','Prisma Tom and Jerry',15000,786.5,820,'2006','PS','973351664','0'),('PS000000024','Prisma JT  Bendera 3 + Foto Gub Jabar',45000,3847.8,2400,'2006','PS','973351664','0'),('PS000000025','Seri Selebrasi  2009 ulang tahun',20000,2104.335,15416,'2009','PS','973351664','0'),('PS000000026','Seri Wisuda  2009',20000,2104.335,15892,'2009','PS','973351664','0'),('PS000000027','Seri Kelahiran 2009',20000,2104.335,10121,'2009','PS','973351664','0'),('PS000000028','Seri Pernikahan 2009',20000,2104.335,5683,'2009','PS','973351664','0'),('PS000000029','Seri Islami  2009',20000,2104.335,3465,'2009','PS','973351664','0'),('PS000000030','Paralayang',20000,266.38,4447,'2010','PS','973351664','0'),('PS000000031','Panjat tebing',20000,266.38,5246,'2010','PS','973351664','0'),('PS000000032','Flying Fox dan Meniti Tali',16000,266.38,4233,'2010','PS','973351664','0'),('PS000000033','Prisma JamNas Palembang :',0,0,0,'2010','PS','973351664','0'),('PS000000034','Arung Jeram',25000,266.38,5234,'2010','PS','973351664','0'),('PS000000035','Panjat Tebing',25000,266.38,4941,'2010','PS','973351664','0'),('PS000000036','PRISMA BINGKAI BENDERA',28000,2227.5,5900,'2010','PS','973351664','0'),('PS000000037','PRISMA BINGKAI TRADISIONAL',28000,2227.5,0,'2010','PS','973351664','0'),('PS000000038','PRISMA BINGKAI BENDERA',32000,2459.05,10300,'2010','PS','973351664','0'),('PS000000039','PRISMA BINGKAI TRADISIONAL',32000,2459.05,0,'2010','PS','973351664','0'),('PS000000040','PRISMA BINGKAI BENDERA POLOS',32000,6215,2000,'2010','PS','973351664','0'),('PS000000041','PRISMA POLOS (4 KEPING)',20000,3560,22900,'2010','PS','973351664','0'),('PS000000042','PRISMA POLOS (6 KEPING)',30000,3560,16150,'2010','PS','973351664','0'),('PS000000043','Prisma Papua Barat',30000,0,0,'2010','PS','973351664','0'),('PS000000044','Prisma objek wisata bali (balipex)',32000,0,0,'2010','PS','973351664','0'),('SHP00000001','SHP Logo Prisma 03.    ',6500,950.8,24,'2003','SHP','973351664','0'),('SHP00000002','SHP C R 03.            ',36000,4664.8,155,'2003','SHP','973351664','0'),('SHP00000003','SP Borobudur 03           ',5000,1160.61,174,'2003','SHP','973351664','0'),('SHP00000004','SHP Sea Games 03      ',6500,1246.88,1534,'2003','SHP','973351664','0'),('SHP00000005','SHP Gunung 03            ',8500,2312.6,149,'2003','SHP','973351664','0'),('SHP00000006','SP MTQ 03                   ',5000,791.34,90,'2003','SHP','973351664','0'),('SHP00000007','SP Raimuna 03             ',5000,791.34,50,'2003','SHP','973351664','0'),('SHP00000008','SP Jabar Benar  03     ',3500,791.34,90,'2003','SHP','973351664','0'),('SHP00000009','SP AASROC 03         ',3500,996.33,80,'2003','SHP','973351664','0'),('SHP00000010','SHP Lomba Trad 03    ',9000,1303.49,177,'2003','SHP','973351664','0'),('SHP00000011','SHP Pramuka 03        ',3500,995.67,150,'2003','SHP','973351664','0'),('SHP00000012','SP Pelanggan Nas 03 ',5000,901.64,69,'2003','SHP','973351664','0'),('SHP00000013','SHP Tata Surya 03     ',9000,2206.42,183,'2003','SHP','973351664','0'),('SHP00000014','SHP Sumpah Pemuda 03',3500,845.66,65,'2003','SHP','973351664','0'),('SHP00000015','SHP HCPSN 03           ',24000,2260.47,25,'2003','SHP','973351664','0'),('SHP00000016','SHP Tokoh Nasional 03  ',10000,1709.4,1052,'2003','SHP','973351664','0'),('SHP00000017','SHP C R 04          ',36000,2356.55,164,'2004','SHP','973351664','0'),('SHP00000018','SP Barli 04          ',5000,901.34,10,'2004','SHP','973351664','0'),('SHP00000019','SHP Olymp Athena 04',9500,2090.4,233,'2004','SHP','973351664','0'),('SHP00000020','SP Thomas Uber 04   ',25000,1681.34,0,'2004','SHP','973351664','0'),('SHP00000021','SP Harkitnas 04        ',6000,961.16,55,'2004','SHP','973351664','0'),('SHP00000022','SHP Lingkungan Hidup 04',5000,1799.68,50,'2004','SHP','973351664','0'),('SHP00000023','SP Ass Luka Bakar 04  ',6000,961.16,161,'2004','SHP','973351664','0'),('SHP00000024','SHP Pon XVI 04           ',5000,1631.6,64,'2004','SHP','973351664','0'),('SHP00000025','SHP Pemilu 04             ',5000,1812.32,14,'2004','SHP','973351664','0'),('SHP00000026','SHP Museum 04',8000,1911.14,28,'2004','SHP','973351664','0'),('SHP00000027','SP Thomas Cup',5000,961.16,10,'2004','SHP','973351664','0'),('SHP00000028','SP Hari Jadi Jepara',5000,961.16,20,'2004','SHP','973351664','0'),('SHP00000029','SHP C R 05          ',36000,3441.45,46,'2005','SHP','973351664','0'),('SHP00000030','SHP 50 th KAA 05   ',7000,2273.26,20,'2005','SHP','973351664','0'),('SHP00000031','SHP Ped.Lingkungan 05  ',5000,2153.71,94,'2005','SHP','973351664','0'),('SHP00000032','SHP Zheng He 05          ',5000,2199.44,2,'2005','SHP','973351664','0'),('SHP00000033','SHP Mak.Tradisional 05  ',8000,1017.98,244,'2005','SHP','973351664','0'),('SHP00000034','SP Kereta Api 05          ',5000,2196.98,15,'2005','SHP','973351664','0'),('SHP00000035','SP Zheng He 05           ',5000,1017.98,5,'2005','SHP','973351664','0'),('SHP00000036','SP  TMII  05',10000,1017.98,32,'2005','SHP','973351664','0'),('SHP00000037','SHP Pres/Wapres 05   ',12000,1017.98,2,'2005','SHP','973351664','0'),('SHP00000038','SHP Hemat Energi 05   ',8000,1842.98,93,'2005','SHP','973351664','0'),('SHP00000039','SP Comdeka 05          ',6000,1785.68,48,'2005','SHP','973351664','0'),('SHP00000040','SHP Kapal Borobudur 05',5000,1599.54,10,'2005','SHP','973351664','0'),('SHP00000041','SP Lok.Filateli 05           ',4000,1127.98,56,'2005','SHP','973351664','0'),('SHP00000042','SHP Flora Fauna 05     ',8000,1347.98,50,'2005','SHP','973351664','0'),('SHP00000043','SP Hari Habitat Sedunia',5000,1017.98,16,'2005','SHP','973351664','0'),('SHP00000044','SP Philip Kotler',5000,1017.98,11,'2005','SHP','973351664','0'),('SHP00000045','SHP Cerita Rakyat 06           ',8000,1842.98,30,'2006','SHP','973351664','0'),('SHP00000046','SHP Piala Dunia 06',12000,3531.36,0,'2006','SHP','973351664','0'),('SHP00000047','SP Narkoba 06',5000,1226.98,0,'2006','SHP','973351664','0'),('SHP00000048','SHP Peduli Lingkungan 06',5000,1226.98,261,'2006','SHP','973351664','0'),('SHP00000049','SHP Makanan Tradisional 06',8000,1842.98,64,'2006','SHP','973351664','0'),('SHP00000050','SHP Jambore Nasional 06',5000,1226.98,94,'2006','SHP','973351664','0'),('SHP00000051','MC Jambore Nasional 06',6000,1226.98,24,'2006','SHP','973351664','0'),('SHP00000052','SHP Tokoh Nasional 06',14000,3017.9,134,'2006','SHP','973351664','0'),('SHP00000053','SP Kios Pos 06',5000,1226.98,0,'2006','SHP','973351664','0'),('SHP00000054','SP UNHAS 06',4000,921.49,41,'2006','SHP','973351664','0'),('SHP00000055','SHP INA-SLOWAKIA 06',7000,1508.95,0,'2006','SHP','973351664','0'),('SHP00000056','Hari Raya Islam',16000,3685.96,106,'2006','SHP','973351664','0'),('SHP00000057','Flora Fauna',8000,1842.98,0,'2006','SHP','973351664','0'),('SHP00000058','SP Panfila Bd',35000,24143.6,93,'2006','SHP','973351664','0'),('SHP00000059','SP 250 Th Yogya',5000,1226.98,0,'2006','SHP','973351664','0'),('SHP00000060','SHP Kerajinan Indonesia',5000,1226.98,105,'2006','SHP','973351664','0'),('SHP00000061','SHP 12 Lambang Shio',5000,1226.98,3053,'2007','SHP','973351664','0'),('SHP00000062','SHP terpadu Ina-China',10000,2453.96,235,'2007','SHP','973351664','0'),('SHP00000063','SHP prko Ina-China',7000,1508.95,2033,'2007','SHP','973351664','0'),('SHP00000064','SHP Gemar Membaca',5000,1226.98,88,'2007','SHP','973351664','0'),('SHP00000065','SHP Peduli Lingkungan 07',10000,2453.96,0,'2007','SHP','973351664','0'),('SHP00000066','SP Unclimate Change Co nf.',25000,2453.96,78,'2007','SHP','973351664','0'),('SHP00000067','Blk Spl  Harry Potter',2000,880,288,'2007','SHP','973351664','0'),('SHP00000068','SP Sepak Takrau 07',20000,4907.92,20,'2007','SHP','973351664','0'),('SHP00000069','SHP Anti Narkoba 07',5000,1226.98,65,'2007','SHP','973351664','0'),('SHP00000070','SHP Makanan Tradisional 07',8000,1842.98,52,'2007','SHP','973351664','0'),('SHP00000071','SP Bangkok 07',7000,1508.95,225,'2007','SHP','973351664','0'),('SHP00000072','SHP Omnibus 07',32500,14723.76,373,'2007','SHP','973351664','0'),('SHP00000073','SP Gedung Mahkon RI 07',5000,1226.98,0,'2007','SHP','973351664','0'),('SHP00000074','SHP Mercusuar 07',5000,1226.98,38,'2007','SHP','973351664','0'),('SHP00000075','SP Lokakarya Filateli 07',5000,1226.98,0,'2007','SHP','973351664','0'),('SHP00000076','SHP 50 th UNPAD.07   ',8000,1842.98,0,'2007','SHP','973351664','0'),('SHP00000077','SP KOPERASI 07 nusantara',5000,1226.98,39,'2007','SHP','973351664','0'),('SHP00000078','SHP Flora Fauna 07     ',8000,1842.98,138,'2007','SHP','973351664','0'),('SHP00000079','SP Bandung filex(FF CT)',12000,1160.19,75,'2007','SHP','973351664','0'),('SHP00000080','SP Pres untk ibu Negara',7000,1160.19,116,'2007','SHP','973351664','0'),('SHP00000081','SHP Sea Games XXIV',12000,1160.19,65,'2007','SHP','973351664','0'),('SHP00000082','SHP 50 Th Dek Djuanda',6500,1160.19,105,'2007','SHP','973351664','0'),('SHP00000083','SP ANTARA KEM',15000,8160.19,108,'2007','SHP','973351664','0'),('SHP00000084','SP VISIT MUSI ',5000,1151.21,0,'2008','SHP','973351664','0'),('SHP00000085','SP Ayo Ke Katr Pos',5000,1261.21,0,'2008','SHP','973351664','0'),('SHP00000086','SHP Shio Tikus',8000,1920.45,157,'2008','SHP','973351664','0'),('SHP00000087','SP 40 hari Wafat Pak Soeharto',5000,1151.21,0,'2008','SHP','973351664','0'),('SHP00000088','SP Pameran TAIPEI \'08',12000,1686.73,278,'2008','SHP','973351664','0'),('SHP00000089','SP Visit Lampung 2008',5000,1151.21,0,'2008','SHP','973351664','0'),('SHP00000090','SHP Olympiade Beijing 08',12000,2457.94,134,'2008','SHP','973351664','0'),('SHP00000091','SP 50 Tahun BPHN',5000,1261.21,46,'2008','SHP','973351664','0'),('SHP00000092','SP Stamp Passion',12000,1686.73,291,'2008','SHP','973351664','0'),('SHP00000093','SP Obor Olympiade Beijing',7000,1407.72,77,'2008','SHP','973351664','0'),('SHP00000094','SHP Indonesia-Jepang',30000,3099.4,134,'2008','SHP','973351664','0'),('SHP00000095','SHP 100 Th. Harkitnas',5000,1688.76,143,'2008','SHP','973351664','0'),('SHP00000096','SP Bengkalis',5000,1496.26,0,'2008','SHP','973351664','0'),('SHP00000097','SP Indonesia-Kuba',8000,1508.07,1119,'2008','SHP','973351664','0'),('SHP00000098','SP Mahasiswa Ked. UNHAS',5000,1386.26,42,'2008','SHP','973351664','0'),('SHP00000099','SHP Peduli Lingkungan',5000,1345,133,'2008','SHP','973351664','0'),('SHP00000100','SP Lingkungan Hidup di Bali',5000,1261.21,140,'2008','SHP','973351664','0'),('SHP00000101','SHP PON XVII 08',8000,2060.62,143,'2008','SHP','973351664','0'),('SHP00000102','SHP Makanan Tradisional 08',8000,1684.62,154,'2008','SHP','973351664','0'),('SHP00000103','SP Visit Musi Palembang',5000,1261.21,0,'2008','SHP','973351664','0'),('SHP00000104','SHP Lambang Prov. Bali',4500,1602.87,497,'2008','SHP','973351664','0'),('SHP00000105','SHP Lambang Prov. Gorontalo',4500,1602.87,497,'2008','SHP','973351664','0'),('SHP00000106','SHP Lambang Prov. Jabar',4500,1602.87,497,'2008','SHP','973351664','0'),('SHP00000107','SHP Lambang Prov. Jateng',4500,1602.87,497,'2008','SHP','973351664','0'),('SHP00000108','SHP Lambang Prov. Kalbar',4500,1602.87,497,'2008','SHP','973351664','0'),('SHP00000109','SHP Lambang Prov. Maluku',4500,1602.87,497,'2008','SHP','973351664','0'),('SHP00000110','SHP Lambang Prov. NAD',4500,1602.87,497,'2008','SHP','973351664','0'),('SHP00000111','SHP Lambang Prov. Papua',4500,1602.87,497,'2008','SHP','973351664','0'),('SHP00000112','SHP Lambang Prov. Riau',4500,1602.87,497,'2008','SHP','973351664','0'),('SHP00000113','SHP Lambang Prov. Sulbar',4500,1602.87,497,'2008','SHP','973351664','0'),('SHP00000114','SHP Lambang Prov. Sumbar',4500,1602.87,497,'2008','SHP','973351664','0'),('SHP00000115','SP Ayo ke Kantor Pos',5000,1261.21,0,'2008','SHP','973351664','0'),('SHP00000116','MC Lambang Prov. Bali',2500,626.58,432,'2008','SHP','973351664','0'),('SHP00000117','MC Lambang Prov. Gorontalo',2500,626.58,432,'2008','SHP','973351664','0'),('SHP00000118','MC Lambang Prov. Jabar',2500,626.58,432,'2008','SHP','973351664','0'),('SHP00000119','MC Lambang Prov. Jateng',2500,626.58,432,'2008','SHP','973351664','0'),('SHP00000120','MC Lambang Prov. Kalbar',2500,626.58,432,'2008','SHP','973351664','0'),('SHP00000121','MC Lambang Prov. Maluku',2500,626.58,432,'2008','SHP','973351664','0'),('SHP00000122','MC Lambang Prov. NAD',2500,626.58,432,'2008','SHP','973351664','0'),('SHP00000123','MC Lambang Prov. Papua',2500,626.58,432,'2008','SHP','973351664','0'),('SHP00000124','MC Lambang Prov. Riau',2500,626.58,432,'2008','SHP','973351664','0'),('SHP00000125','MC Lambang Prov. Sulbar',2500,626.58,432,'2008','SHP','973351664','0'),('SHP00000126','MC Lambang Prov. Sumbar',2500,626.58,432,'2008','SHP','973351664','0'),('SHP00000127','SP 1 Abad Harkit Perempuan',5000,1386.26,34,'2008','SHP','973351664','0'),('SHP00000128','SHP Jalan Raya Pos',12000,1645.84,170,'2008','SHP','973351664','0'),('SHP00000129','Blko Spl Pameran Jakarta\'08',2000,1127.5,176,'2008','SHP','973351664','0'),('SHP00000130','SHP JIS Ina- Turki 08',30000,4030,173,'2008','SHP','973351664','0'),('SHP00000131','SP Jambore ASEAN 08',7000,1229.56,43,'2008','SHP','973351664','0'),('SHP00000132','SHP Flora-Fauna 08',30000,4510,177,'2008','SHP','973351664','0'),('SHP00000133','SHP Cut Nyak Dien 08',5000,1431.5,161,'2008','SHP','973351664','0'),('SHP00000134','SHP Pulau 2 Kecil Telar 08',8000,1565.82,178,'2008','SHP','973351664','0'),('SHP00000135','SP Jakarta 08 (6 desain)',42000,0,0,'2008','SHP','973351664','0'),('SHP00000136','SHP Shio Kerbau 09',8000,2246.88,74,'2009','SHP','973351664','0'),('SHP00000137','SHP 50 th ITB',8000,9962.5,126,'2009','SHP','973351664','0'),('SHP00000138','SHP PEMILU 2009',8000,1598.82,99,'2009','SHP','973351664','0'),('SHP00000139','SP Beruang Kutub',7000,1942.41,237,'2009','SHP','973351664','0'),('SHP00000140','SP China',12000,2078.08,214,'2009','SHP','973351664','0'),('SHP00000141','SP UGM',5000,1363.04,0,'2009','SHP','973351664','0'),('SHP00000142','Kem SP ADB  Bali',15000,2982.32,85,'2009','SHP','973351664','0'),('SHP00000143','SHP Prko Astronomi',9500,1621.12,162,'2009','SHP','973351664','0'),('SHP00000144','SHP Prko WOC',12000,1216.74,117,'2009','SHP','973351664','0'),('SHP00000145','SHP Peduli Lingkungan',6500,1591.69,157,'2009','SHP','973351664','0'),('SHP00000146','SHP Jembatan Suramadu',6500,1524.46,0,'2009','SHP','973351664','0'),('SHP00000147','SP Pramuka Santri Nusantara',5000,1175.17,82,'2009','SHP','973351664','0'),('SHP00000148','SP Temu Pakar Pedalangan',5000,1277.32,141,'2009','SHP','973351664','0'),('SHP00000149','Karnet NapakTilas Jl. Raya Pos',13000,2915,10,'2009','SHP','973351664','0'),('SHP00000150','SHP Makanan TradisIonal 09',11000,1708.7,203,'2009','SHP','973351664','0'),('SHP00000151','SP Festival Borobudur 09',5000,1277.32,56,'2009','SHP','973351664','0'),('SHP00000152','SP Philip Kotler',5000,1277.32,74,'2009','SHP','973351664','0'),('SHP00000153','SP Ayo Ke Kantor Pos',5000,1277.32,83,'2009','SHP','973351664','0'),('SHP00000154','SHP Burung 2009',19000,2938.8,466,'2009','SHP','973351664','0'),('SHP00000155','SHP Hari Anak Nasional',8000,1682.02,191,'2009','SHP','973351664','0'),('SHP00000156','SP Philakorea 09',5000,1363.04,123,'2009','SHP','973351664','0'),('SHP00000157','SP Bunaken (IFR)',5000,1277.32,70,'2009','SHP','973351664','0'),('SHP00000158','Max, Card Lambang Provinsi  09',27500,7683.28,96,'2009','SHP','973351664','0'),('SHP00000159','SHP Lambang Provinsi  09',49500,14681.75,279,'2009','SHP','973351664','0'),('SHP00000160','SP  999',5000,1395.17,88,'2009','SHP','973351664','0'),('SHP00000161','SHP Jis INA - SINGAPORE',17500,2003.92,112,'2009','SHP','973351664','0'),('SHP00000162','SHP Terpadu Ina-Singapore',33000,21893.92,90,'2009','SHP','973351664','0'),('SHP00000163','SHP Flora Fauna 09',31500,6913.5,95,'2009','SHP','973351664','0'),('SHP00000164','SP ATP Bali',5000,1277.32,2092,'2009','SHP','973351664','0'),('SHP00000165','SHP JIS Ina- Iran',6500,1369.08,115,'2009','SHP','973351664','0'),('SHP00000166','SHP Terpadu JIS Ina-Iran',11000,1473.16,26,'2009','SHP','973351664','0'),('SHP00000167','SHP  Kegiatan Alam Terbuka',14500,1552.1,10,'2010','SHP','973351664','0'),('SHP00000168','SHP Warisan Budaya Tak Benda',19000,3628.32,25,'2010','SHP','973351664','0'),('SHP00000169','SHP Piala Dunia ',8000,2465.24,125,'2010','SHP','973351664','0'),('SHP00000170','SHP Peduli Lingkungan',6500,2155.16,135,'2010','SHP','973351664','0'),('SHP00000171','SHP  Muhammadiyah',6500,2271.59,50,'2010','SHP','973351664','0'),('SHP00000172','SHP Makanan Tradisional',14000,5682.4,110,'2010','SHP','973351664','0'),('SHP00000173','SP Sail Banda',5000,2392.39,25,'2010','SHP','973351664','0'),('SHP00000174','SHP Presiden dan Wapres RI',7000,4288.16,0,'2010','SHP','973351664','0'),('SHP00000175','SP Indoesia-Belanda',5000,1842.39,0,'2010','SHP','973351664','0'),('SHP00000176','SHP   200 Th. Kota Bandung',7000,2488.36,100,'2010','SHP','973351664','0'),('SHP00000177','SHP Kehidupan Bawah Laut',8000,2323.14,50,'2010','SHP','973351664','0'),('SHP00000178','SHP Flora dan Fauna (2)',20000,4139.85,90,'2010','SHP','973351664','0'),('SHP00000179','SHP Youth Olympic Games',5000,1983.56,50,'2010','SHP','973351664','0'),('SHP00000180','SP INA - CHINA \'10',7000,2522.71,25,'2010','SHP','973351664','0'),('SHP00000181','SP INA - RUSIA \'10',5000,1842.39,25,'2010','SHP','973351664','0'),('SHP00000182','SP Wirakarya \'10',4000,1937.2,10,'2010','SHP','973351664','0'),('SHP00000183','SHP Lambang Prov- 3',38500,19490.24,59,'2010','SHP','973351664','0'),('SHP00000184','SHP Shio kelinci  2011',11000,2154.44,236,'2011','SHP','973351664','0'),('SHP00000185','SHP Upacara Adat 2011',8000,2094.84,1270,'2011','SHP','973351664','0'),('SHP00000186','Max, Card Upacara Adat',10000,4514.84,174,'2011','SHP','973351664','0'),('SHP00000187','SHP Tahun Kimia Internasional',6000,2106.4,866,'2011','SHP','973351664','0'),('SHP00000188','SP Panfila Yogyakarta',7000,2830.73,495,'2011','SHP','973351664','0'),('SHP00000189','SHP Internet Sehat dan Aman',7000,2002.06,1071,'2011','SHP','973351664','0'),('SHP00000190','SP Taman  Mini',5000,1646.07,684,'2011','SHP','973351664','0'),('SHP00000191','SHP Peduli Lingkungan',7000,1955.38,1270,'2011','SHP','973351664','0'),('SHP00000192','SP Jamnas Palembang',5000,1762.75,3365,'2011','SHP','973351664','0'),('SHP00000193','SP Philanipposn',12000,2253.37,929,'2011','SHP','973351664','0'),('SHP00000194','SHP Gerakan Pramuka',9500,2051.96,1158,'2011','SHP','973351664','0'),('SHP00000195','SHP Gemar Ikan',13500,1935.04,1577,'2011','SHP','973351664','0'),('SHP00000196','SHP Ina - Malaysia',24000,3985.2,2139,'2011','SHP','973351664','0'),('SHP00000197','SP 265 Th. Pos Indonesia',5000,1786.46,656,'2011','SHP','973351664','0'),('SHP00000198','SHP Tokoh Nasional',7000,1980.78,1647,'2011','SHP','973351664','0'),('SHP00000199','SP Pesta Rakyat Jabar (de syukron)',5000,1848.18,911,'2011','SHP','973351664','0'),('SHP00000200','SP 100 TH. KP Medan',5000,1881.84,621,'2011','SHP','973351664','0'),('SHP00000201','SHP TRIKORA',12000,2204.2,1370,'2011','SHP','973351664','0'),('SHP00000202','SP PANFILA BANDUNG',7000,3488.55,2186,'2011','SHP','973351664','0'),('SHP00000203','SHP SEA GAMES',19000,2353.7,1904,'2011','SHP','973351664','0'),('SHP00000204','SHP JIS INA-AFSEL',14500,4092.45,1902,'2011','SHP','973351664','0'),('SHP00000205','SP CHINA  2011',12000,2369.37,1983,'2011','SHP','973351664','0'),('SHP00000206','SHP FLORA-FAUNA',7000,1955.38,1669,'2011','SHP','973351664','0'),('SHP00000207','KARTUPOS  11.111  a',11000,771.05,630,'2011','SHP','973351664','0'),('SHP00000208','KARTUPOS  11.111  b',11000,771.05,626,'2011','SHP','973351664','0'),('SHP00000209','KARTUPOS  11.111  c',11000,771.05,631,'2011','SHP','973351664','0'),('SHP00000210','SHP Landmark/Arsitektur',14500,2231.45,1352,'2011','SHP','973351664','0'),('SHP00000211','SP Panfila Surabaya',7000,1491.15,1703,'2011','SHP','973351664','0'),('SHP00000212','SHP Antariksa',7000,2002.78,1313,'2011','SHP','973351664','0'),('SHP00000213','SP IMPI',5000,2377.32,346,'2011','SHP','973351664','0'),('SHP00000214','SHP TUNZA',5000,2377.32,100,'2011','SHP','973351664','0'),('SHP00000215','SHP Kain Trad Aceh',4500,1491.15,1424,'2011','SHP','973351664','0'),('SHP00000216','SHP Kain Trad NTT',4500,1491.15,1403,'2011','SHP','973351664','0'),('SHP00000217','SHP Kain Trad Ba Bel',4500,1491.15,1421,'2011','SHP','973351664','0'),('SHP00000218','SHP Kain Trad Sul Sel',4500,1491.15,381,'2011','SHP','973351664','0'),('SHP00000219','SHP Kain Trad Sul Ut',4500,1491.15,271,'2011','SHP','973351664','0'),('SHP00000220','SHP Kain Trad Riau',4500,1491.15,261,'2011','SHP','973351664','0'),('SHP00000221','SHP Kain Trad Sul Bar',4500,1491.15,1355,'2011','SHP','973351664','0'),('SHP00000222','SHP Kain Trad Ja Tim',4500,1491.15,1414,'2011','SHP','973351664','0'),('SHP00000223','SHP Kain Trad Kal Bar',4500,1491.15,1414,'2011','SHP','973351664','0'),('SHP00000224','SHP Kain Trad Lampung',4500,1491.15,1415,'2011','SHP','973351664','0'),('SHP00000225','SHP Kain Trad Kal Sel',4500,1491.15,1416,'2011','SHP','973351664','0'),('SHP00000226','SHP Kain Trad Sum Bar',4500,1491.15,1422,'2011','SHP','973351664','0'),('SHP00000227','SHP Kain Trad Sum Ut',4500,1491.15,1432,'2011','SHP','973351664','0'),('SHP00000228','SHP Kain Trad Sum Sel',4500,1491.15,1407,'2011','SHP','973351664','0'),('SHP00000229','SHP Kain Trad Ja Teng',4500,1491.15,1362,'2011','SHP','973351664','0'),('SHP00000230','SHP Kain Trad Sul Tenggara',4500,1491.15,1407,'2011','SHP','973351664','0'),('SHP00000231','SHP Kain Trad Bengkulu',4500,1491.15,1424,'2011','SHP','973351664','0'),('SHP00000232','SHP Kain Trad Kal Tim',4500,1491.15,373,'2011','SHP','973351664','0'),('SHP00000233','SHP Kain Trad Yogya',4500,1491.15,312,'2011','SHP','973351664','0'),('SHP00000234','SHP Kain Trad Papua Barat',4500,1491.15,1405,'2011','SHP','973351664','0'),('SHP00000235','SHP Kain Trad Papua',4500,1491.15,1415,'2011','SHP','973351664','0'),('SHP00000236','SHP Kain Trad Maluku',4500,1491.15,189,'2011','SHP','973351664','0'),('SHP00000237','SHP Kain Trad Ja Bar',4500,1491.15,1366,'2011','SHP','973351664','0'),('SHP00000238','SHP Kain Trad NTB',4500,1491.15,1417,'2011','SHP','973351664','0'),('SHP00000239','SHP 50 Th. Monas',7500,0,102,'2011','SHP','973351664','0'),('SHP00000240','SP UNODC',5000,2377.32,135,'2011','SHP','973351664','0'),('SHP00000241','SHP 1 Abad Mr. Sjafrudin Prawira',5000,2377.32,166,'2011','SHP','973351664','0'),('SHP00000242','SP Desa Informasi  Pacitan',5000,2377.32,250,'2011','SHP','973351664','0'),('SHP00000243','SP Desa Informasi  Waris',5000,2377.32,42,'2011','SHP','973351664','0'),('SHP00000244','SP Desa Informasi  Labuha',5000,2377.32,242,'2011','SHP','973351664','0'),('SHP00000245','SP Sea Games Palembang',5000,0,911,'2011','SHP','973351664','0'),('SHP00000246','SP Climate Change',7500,0,153,'2011','SHP','973351664','0'),('SHP00000247','SP Indonesia Suriname',5000,0,3,'2011','SHP','973351664','0'),('SHP00000248','SP Mercubuana',5000,0,35,'2011','SHP','973351664','0'),('SHP00000249','SHP Shio Naga 2012',9500,2053.04,146,'2012','SHP','973351664','0'),('SHP00000250','SHP PON XVIII Riau 2012',19000,2163.04,413,'2012','SHP','973351664','0'),('SHP00000251','SHP 50 th. APPU  2012',7000,1700,1456,'2012','SHP','973351664','0'),('SHP00000252','SHP Kain Tradisional 8x200',36000,12728,256,'2012','SHP','973351664','0'),('SHP00000253','SHP Peduli Lingkungan 2012',6000,2103,1323,'2012','SHP','973351664','0'),('SHP00000254','SHP BURUNG TERANCAM PUNAH',12000,1974.06,950,'2012','SHP','973351664','0'),('SHP00000255','SHP MAKANAN TRAD',7000,1684.62,1356,'2012','SHP','973351664','0'),('SHP00000256','SHP SIARAN TV',7000,1850,1783,'2012','SHP','973351664','0'),('SHP00000257','SHP KEPANDUAN',7000,1009,1270,'2012','SHP','973351664','0'),('SHP00000258','SHP JATI DIRI BANGSA',9500,1700,1364,'2012','SHP','973351664','0'),('SHP00000259','SP 266 POS',5000,1850,440,'2012','SHP','973351664','0'),('SHP00000260','SHP BANGUNAN BERSEJARAH',14500,1971.67,2096,'2012','SHP','973351664','0'),('SHP00000261','SHP Maskot Filateli',5000,2046,722,'2012','SHP','973351664','0'),('SHP00000262','SHP Cap Gomeh',5000,2598,1529,'2012','SHP','973351664','0'),('SHP00000263','SP Mobil Listrik',5000,1850,365,'2012','SHP','973351664','0'),('SHP00000264','SHP Kain Trandisional DKI Jakarta',4500,1591,1125,'2012','SHP','973351664','0'),('SHP00000265','SHP Kain Trandisional Maluku Utara',4500,1591,1081,'2012','SHP','973351664','0'),('SHP00000266','SHP Kain Trandisional Jambi',4500,1591,1089,'2012','SHP','973351664','0'),('SHP00000267','SHP Kain Trandisional Kalimantan Tengah',4500,1591,1081,'2012','SHP','973351664','0'),('SHP00000268','SHP Kain Trandisional Kepulauan Riau',4500,1591,1091,'2012','SHP','973351664','0'),('SHP00000269','SHP Kain Trandisional Gorontalo',4500,1591,1091,'2012','SHP','973351664','0'),('SHP00000270','SHP Kain Trandisional Banten',4500,1591,1092,'2012','SHP','973351664','0'),('SHP00000271','SHP Kain Trandisional Sulawesi Tengah',4500,1591,1080,'2012','SHP','973351664','0'),('SHP00000272','SHP Kain Trandisional Bali',4500,1591,1084,'2012','SHP','973351664','0'),('SHP00000273','SHP FLORA FAUNA',7000,1974.06,2221,'2012','SHP','973351664','0'),('SHP00000274','SP 12,12,12',5000,0,25,'2012','SHP','973351664','0'),('SHP00000275','SP kunjungan kenegaraan pres RI',5000,0,5,'2012','SHP','973351664','0'),('SHP00000276','SP MTQ Ambon',5000,0,592,'2012','SHP','973351664','0'),('SHP00000277','SHP SHIO ULAR',17500,2068,5894,'2013','SHP','973351664','0'),('SHP00000278','SHP RATU BOKO',7500,2103,2067,'2013','SHP','973351664','0'),('SHP00000279','SP INDONESIA FASHION WEEK',12500,1850,0,'2013','SHP','973351664','0'),('SHP00000280','SP DAHLAN ISKAN',5000,1850,136,'2013','SHP','973351664','0'),('SHP00000281','SHP ALAT MUSIK TRAD',37500,5291,2363,'2013','SHP','973351664','0'),('SHP00000282','SHP JIS INA-MEXICO',18500,2323.24,2423,'2013','SHP','973351664','0'),('SHP00000283','SHP PEDULI LINGK',7500,2103,2029,'2013','SHP','973351664','0'),('SHP00000284','SHP PURBAKALA',7500,2103,2144,'2013','SHP','973351664','0'),('SHP00000285','SHP IND-AUSTRALIA',12500,2612,2103,'2013','SHP','973351664','0'),('SHP00000286','SHP KIHAJAR DEWANTORO',5000,1979.83,2146,'2013','SHP','973351664','0'),('SHP00000287','SHP IRIAN BARAT',10000,2474.49,2473,'2013','SHP','973351664','0'),('SHP00000288','SHP PMI (HANRY DUNANT)',8500,1770,1321,'2013','SHP','973351664','0'),('SHP00000289','SHP INA-KOREA',17500,2323.24,2319,'2013','SHP','973351664','0'),('SHP00000290','SP Laskar Pelangi',7500,2103,500,'2013','SHP','973351664','0'),('SHP00000291','SP PADANG',6000,2422.7,100,'2013','SHP','973351664','0'),('SHP00000292','SP KPK',7500,1980,817,'2013','SHP','973351664','0'),('SHP00000293','SHP Pasukan Garuda',12500,2776.48,1304,'2013','SHP','973351664','0'),('SHP00000294','SHP Jambore Internasional Scout Peace Camp',5000,0,432,'2013','SHP','973351664','0'),('SHP00000295','SHP SOS Children Villages',12500,2131.54,1240,'2013','SHP','973351664','0'),('SHP00000296','SHP Sail Komodo',6500,0,302,'2013','SHP','973351664','0'),('SHP00000297','SHP Layanan Pos',11000,0,2462,'2013','SHP','973351664','0'),('SHP00000298','SHP Flora Fauna',7500,1769.66,1564,'2013','SHP','973351664','0'),('SHP00000299','SP Indonesia marketeers festival',6500,0,88,'2013','SHP','973351664','0'),('SHP00000300','SHP Pemilu',12500,2514.64,303,'2014','SHP','973351664','0'),('SHP00000301','SHP Tahun Kuda',10000,2517,97,'2014','SHP','973351664','0'),('SHP00000302','SHP Alat Musik Tradisional 2014',64500,6738.71,282,'2014','SHP','973351664','0'),('SHP00000303','SHP 150th Prko Ind',25500,2888.71,151,'2014','SHP','973351664','0'),('SHP00000304','SHP PAUD',12000,2511.74,162,'2014','SHP','973351664','0'),('SHP00000305','SHP Peduli Lingkungan',9000,2462.66,238,'2014','SHP','973351664','0'),('SHP00000306','SHP Burung Air',23000,3056.32,258,'2014','SHP','973351664','0'),('SHP00000307','SHP Ibu Negara',28000,4947.6,192,'2014','SHP','973351664','0'),('SHP00000308','SHP 125 th Paleontroplg',9000,2329.92,224,'2014','SHP','973351664','0'),('SHP00000309','SHP Hari Aksara Trad',15000,2713.12,296,'2014','SHP','973351664','0'),('SHP00000310','SHP Layananpos',33000,2399.72,298,'2014','SHP','973351664','0'),('SHP00000311','SHP HUT TNI ke 69',12000,3357.22,298,'2014','SHP','973351664','0'),('SHP00000312','SHP Flora Fauna',9000,2343.26,239,'2014','SHP','973351664','0'),('SHP00000313','SHP Hari Kesehatan',9000,3584,200,'2014','SHP','973351664','0'),('SHP00000314','SP Malaysia',13000,3076.5,244,'2014','SHP','973351664','0'),('SHP00000315','SHP Jembatan ',13000,2343.26,1730,'2014','SHP','973351664','0'),('SHP00000316','SHP Shio KAMBING',12000,2289.99,239,'2015','SHP','973351664','0'),('SHP00000317','SHP AlatMusik Trad',42000,3571.48,210,'2015','SHP','973351664','0'),('SHP00000318','SHP Penanggulangan Bencana',12000,2555.07,220,'2015','SHP','973351664','0'),('SHP00000319','SHP Jis Ina / Korut',19000,2440.58,233,'2015','SHP','973351664','0'),('SHP00000320','SHP Kalimantan Utara',30000,2679.76,210,'2015','SHP','973351664','0'),('SHP00000321','SHP Peduli Lingkungan',6000,2321.5,200,'2015','SHP','973351664','0'),('SHP00000322','SHP Jambore Dunia',13000,2337.92,230,'2015','SHP','973351664','0'),('SHP00000323','SP Singapore',8000,3451.9,220,'2015','SHP','973351664','0'),('SHP00000324','SHP Pres dan Wapres',13000,2648.32,200,'2015','SHP','973351664','0'),('SHP00000325','SHP DPR 70 thn',9000,6896,180,'2015','SHP','973351664','0'),('SHP00000326','SHP JIS Asean',10000,2494.51,230,'2015','SHP','973351664','0'),('SHP00000327','SHP PMI',9000,6896,240,'2015','SHP','973351664','0'),('SHP00000328','SHP 50thn Hapsak',7000,2384.2,240,'2015','SHP','973351664','0'),('SHP00000329','SHP Kebangkitan Ind Pth',12000,2862.6,240,'2015','SHP','973351664','0'),('SHP00000330','SHP FLORA FAUNA',9000,4421,216,'2015','SHP','973351664','0'),('SHP00000331','SP Mukhtamar NU',10000,0,175,'2015','SHP','973351664','0'),('SHP00000332','SP Panfila Sby',3000,0,0,'2015','SHP','973351664','0'),('SHP00000333','Shp Daerah Tujuan Wisata ',15000,3609.08,93,'2016','SHP','973351664','0'),('SHP00000334','KTP Thn Monyet',15000,0,800,'2016','SHP','973351664','0'),('SHP00000335','KTP Doraemon',15000,1100,0,'2016','SHP','973351664','0'),('SHP00000336','Shp Prko Thn Monyet',12000,3564,296,'2016','SHP','973351664','0'),('SHP00000337','SHP Gerhana Matahari Total',12000,3856.7,120,'2016','SHP','973351664','0'),('SHP00000338','SP Bkkbn ',15000,0,0,'2016','SHP','973351664','0'),('SHP00000339','SP Palembang',7500,3099.59,0,'2016','SHP','973351664','0'),('SHP00000340','SP Bangka Tengah',7500,3099.59,0,'2016','SHP','973351664','0'),('SHP00000341','KTP GMT + Prangko',24000,5293.4,0,'2016','SHP','973351664','0'),('SHP00000342','KTP GMT tanpa prko',4000,1100,84,'2016','SHP','973351664','0'),('SHP00000343','KTP GMT KOIN',12000,0,0,'2016','SHP','973351664','0'),('SHP00000344','folder 70 thn pendidikan tekhnik ugm 2016',20000,5248.36,0,'2016','SHP','973351664','0'),('SHP00000345','sp 70 thn pendidikan tekhnik ugm 2016',7500,3099.59,0,'2016','SHP','973351664','0'),('SHP00000346','SHP GMT Tanpa Prko',3000,2750,500,'2016','SHP','973351664','0'),('SHP00000347','SHP Jis Ina-Thailan',19000,6106,0,'2016','SHP','973351664','0'),('SHP00000348','SHP Jis Ina-Thailan tanpa prko',3000,2750,0,'2016','SHP','973351664','0'),('SHP00000349','KTP Doraemon Tanpa Prko',6000,0,0,'2016','SHP','973351664','0'),('SHP00000350','kartu lebaran 2016',48000,0,0,'2016','SHP','973351664','0'),('SHP00000351','SP peduli linkungan 2016',11000,3688.43,0,'2016','SHP','973351664','0'),('SHP00000352','SHP Pon XIX',48000,13674,44,'2016','SHP','973351664','0'),('SHP00000353','KTP Pon XIX',30000,15262.5,625,'2016','SHP','973351664','0'),('SHP00000354','SHP Rempah rempah',18000,9172.88,100,'2016','SHP','973351664','0'),('SHP00000355','SHP Satelit Indonesia',30000,6019,0,'2016','SHP','973351664','0'),('SHP00000356','SP Peduli Linkungan 2016',11000,3688.43,0,'2016','SHP','973351664','0'),('SHP00000357','SP Jamnas 2016',10000,4238.43,0,'2016','SHP','973351664','0'),('SHP00000358','SP 270th POS Indonesia',10000,3088.43,0,'2016','SHP','973351664','0'),('SHP00000359','SP 2016th Kota Bandung',9000,3374.6,0,'2016','SHP','973351664','0'),('SHP00000360','SP Philathaipei',13000,5970.25,0,'2016','SHP','973351664','0'),('SHP00000361','SHP Flora Fauna 2016',27000,4737,50,'2016','SHP','973351664','0'),('SHP00000362','SP Panfila Yogyakarta',13000,8755.25,0,'2016','SHP','973351664','0'),('SHP00000363','SP Panfila YK tanpa prko',3000,2750,0,'2016','SHP','973351664','0'),('SHP00000364','SHP Prko Shio Ayam',14000,3845,300,'2017','SHP','973351664','0'),('SHP00000365','SHP Daerah Tujuan Wisata',25000,6287.48,800,'2017','SHP','973351664','0'),('SHP00000366','shp kebebasan pers 2017',13000,5613.88,0,'2017','SHP','973351664','0'),('SHP00000367','shp 200 thn pattimura',8000,5546.9,50,'2017','SHP','973351664','0'),('SHP00000368','SHP dua abad KRB',132000,28738,240,'2017','SHP','973351664','0'),('SHP00000369','SHP 100th Lion Club',15000,5080.62,300,'2017','SHP','973351664','0'),('SHP00000370','SHP Prko peduli lingkungan',13000,4736.6,200,'2017','SHP','973351664','0'),('SHP00000371','SHP postcrossing',14000,4804.93,150,'2017','SHP','973351664','0'),('SHP00000372','SHP 50th ASEAN',10000,4366.17,150,'2017','SHP','973351664','0'),('SHP00000373','SHP Jis Ina Singapura',15000,5454,320,'2017','SHP','973351664','0'),('SHP00000374','SHP Indonesia Emas 2045',14000,5952,0,'2017','SHP','973351664','0'),('SHP00000375','SHP Buah Nusantara 2017',17000,5768,275,'2017','SHP','973351664','0'),('SHP00000376','SP Antinarkoba 2017',10000,0,0,'2017','SHP','973351664','0'),('SHP00000377','SP Sail Sabang',10000,0,0,'2017','SHP','973351664','0'),('SHP00000378','shp jembatan 2017',17000,5576.98,30,'2017','SHP','973351664','0'),('SHPSS000001','SHPSS CR 03               ',6500,1535.6,2,'2003','SHPSS','973351664','0'),('SHPSS000002','SHP/SS Bangkok 03   ',10000,801.16,897,'2003','SHPSS','973351664','0'),('SHPSS000003','SHP/SS Tata Surya 03 ',6500,1303.49,173,'2003','SHPSS','973351664','0'),('SHPSS000004','SHP/SS 12 Lambang Shio',10000,6019.38,3248,'2007','SHPSS','973351664','0'),('SHPSS000005','SHP SS Ina-China',7000,1508.95,2024,'2007','SHPSS','973351664','0'),('SHPSS000006','SHP SS  Peduli Lingkungan 07',7000,1508.95,0,'2007','SHPSS','973351664','0'),('SHPSS000007','SHP/SS Flora Fauna 07     ',7000,1508.95,204,'2007','SHPSS','973351664','0'),('SHPSS000008','SHPSS SHio Tikus',7000,2812.06,332,'2008','SHPSS','973351664','0'),('SHPSS000009','SHP/SS Peduli Lingkungan',7000,1795,245,'2008','SHPSS','973351664','0'),('SHPSS000010','SHP/SS Jalan Raya Pos',12000,1595,207,'2008','SHPSS','973351664','0'),('SHPSS000011','SHP/SS Shio Kerbau 09',12000,3610,172,'2009','SHPSS','973351664','0'),('SHPSS000012','SHP/SS Astronomi',17000,2620,249,'2009','SHPSS','973351664','0'),('SHPSS000013','SHP/SS WOC',7000,1584.92,1042,'2009','SHPSS','973351664','0'),('SHPSS000014','SHP/SS Peduli Lingkungan',7000,1755.58,200,'2009','SHPSS','973351664','0'),('SHPSS000015','SHP/SS Jembatan Suramadu',12000,1982.38,89,'2009','SHPSS','973351664','0'),('SHPSS000016','SHP/SS Shio Macan',7000,1975.3,5,'2010','SHPSS','973351664','0'),('SHPSS000017','SHP/SS W. Budaya  Tak Benda',14000,4300.38,25,'2010','SHPSS','973351664','0'),('SHPSS000018','SHP/SS  Peduli Lingkungan',7000,2299.53,135,'2010','SHPSS','973351664','0'),('SHPSS000019','SHP/SS Pres. Dan Wapres RI',7000,4695.57,50,'2010','SHPSS','973351664','0'),('SHPSS000020','SHP/SS 200 Th. Kota Bandung',7000,2394.7,165,'2010','SHPSS','973351664','0'),('SHPSS000021','SHP/SS Shio Kelinci 2011',7000,2593.21,310,'2011','SHPSS','973351664','0'),('SHPSS000022','SHP/SS Peduli Lingkungan',7000,1458.95,1199,'2011','SHPSS','973351664','0'),('SHPSS000023','SHP/SS Gerakan Pramuka',7000,1743.66,1204,'2011','SHPSS','973351664','0'),('SHPSS000024','SHP/SS FLORA FAUNA',12000,2321.07,1569,'2011','SHPSS','973351664','0'),('SHPSS000025','SHP SS Shio Naga 2012',7000,3057,100,'2012','SHPSS','973351664','0'),('SHPSS000026','SHP SS Flora Fauna',12000,1974.06,0,'2012','SHPSS','973351664','0'),('SHPSS000027','SHP SS SHIO ULAR',12500,2628,5513,'2013','SHPSS','973351664','0'),('SHPSS000028','SHP SS Panfila Thailand',12500,2540,1606,'2013','SHPSS','973351664','0'),('SHPSS000029','SHP SS Flora Fauna',12500,2675,1551,'2013','SHPSS','973351664','0'),('SHPSS000030','SHP SS Tahun Kuda',12500,3279.5,298,'2014','SHPSS','973351664','0'),('SHPSS000031','SHP/SS Shio KAMBING',13000,3037.5,234,'2015','SHPSS','973351664','0'),('SHPSS000032','Shp SS Thn Monyet',13000,8714,447,'2016','SHPSS','973351664','0'),('SHPSS000033','SHP SS Shio Ayam',15000,8823,300,'2017','SHPSS','973351664','0'),('SHPSS000034','SHP SS peduli lingkungan',15000,6674,250,'2017','SHPSS','973351664','0'),('SS000000001','SS Cerita Rakyat',5000,820.6,0,'2003','SS','973351664','0'),('SS000000002','SS Pariwisata 03',5000,801.16,0,'2003','SS','973351664','0'),('SS000000003','SS Pameran Bangkok',8000,801.16,0,'2003','SS','973351664','0'),('SS000000004','SS Tata Surya',5000,570.16,0,'2003','SS','973351664','0'),('SS000000005','SS Flora Fauna',6000,981.75,0,'2003','SS','973351664','0'),('SS000000006','SS Panfila Surabaya',36000,1345,0,'2003','SS','973351664','0'),('SS000000007','SS Cerita Rakyat 04',6000,748.19,0,'2004','SS','973351664','0'),('SS000000008','SS Lingkungan Hidup',5000,514.99,0,'2004','SS','973351664','0'),('SS000000009','SS Kendaraan Presiden',5000,514.99,0,'2004','SS','973351664','0'),('SS000000010','SS Flora Fauna',6000,748.19,0,'2004','SS','973351664','0'),('SS000000011','SS Cerita Rakyat',6000,748.19,0,'2005','SS','973351664','0'),('SS000000012','SS Panfila Banten',46000,5971.74,0,'2005','SS','973351664','0'),('SS000000013','SS Flora Fauna',3000,1030.38,0,'2005','SS','973351664','0'),('SS000000014','Cerita Rakyat 06',6000,748.19,0,'2006','SS','973351664','0'),('SS000000015','Peduli Lingkungan',3000,379.05,0,'2006','SS','973351664','0'),('SS000000016','Indonesia-Slowakia 06',5000,764.96,0,'2006','SS','973351664','0'),('SS000000017','Flora Fauna',5000,764.96,0,'2006','SS','973351664','0'),('SS000000018','Panfila Bd',5000,764.96,0,'2006','SS','973351664','0'),('SS000000019','12 Lambang Shio ss',6000,1619.38,27999,'2007','SS','973351664','0'),('SS000000020','Indonesia-China',5000,872.71,0,'2007','SS','973351664','0'),('SS000000021','Bangkok',5000,636.86,0,'2007','SS','973351664','0'),('SS000000022','Flora Fauna',5000,636,0,'2007','SS','973351664','0'),('SS000000023','SS CT(ECOPHILA)',5000,677.89,0,'2007','SS','973351664','0'),('SS000000024','Tahun Tikus 2008',5000,920.06,19000,'2008','SS','973351664','0'),('SS000000025','Taipei 2008',10000,806.73,0,'2008','SS','973351664','0'),('SS000000026','SS Jalan Raya Pos 08',10000,715,0,'2008','SS','973351664','0'),('SS000000027','SS UNCUT Jakarta 2008',100000,3237.85,0,'2008','SS','973351664','0'),('SS000000028','SS Jakarta 2008',25000,4100.5,0,'2008','SS','973351664','0'),('SS000000029','SS Jakarta 2008',5000,820.1,0,'2008','SS','973351664','0'),('SS000000030','Shio Macan',5000,600.3,0,'2010','SS','973351664','0'),('SS000000031','SS  W. Budaya (Hanoman)',5000,582.69,0,'2010','SS','973351664','0'),('SS000000032','SS  W. Budaya (Keris)',5000,582.69,0,'2010','SS','973351664','0'),('SS000000033','SS Peduli Lingkungan',5000,539.53,0,'2010','SS','973351664','0'),('SS000000034','SS Presiden dan Wapres RI',5000,735.57,0,'2010','SS','973351664','0'),('SS000000035','SS 200 Th. Kota Bandung',5000,634.7,0,'2010','SS','973351664','0'),('SS000000036','SS Panfila Jakarta 2010',5000,807.02,0,'2010','SS','973351664','0'),('SS000000037','SS Kain Batik Tradisional (ms sb)',20000,1728.55,0,'2011','SS','973351664','0'),('SS000000038','SS Peduli Lingkungan ',5000,138.95,0,'2011','SS','973351664','0'),('SS000000039','SS Philanippon',10000,933.37,0,'2011','SS','973351664','0'),('SS000000040','SS Gerakan Pramuka',5000,423.66,0,'2011','SS','973351664','0'),('SS000000041','SS Kain Trad. Reguler #7 jkt',5000,1728.55,0,'2011','SS','973351664','0'),('SS000000042','SS China 2011',10000,1049.37,0,'2011','SS','973351664','0'),('SS000000043','SS Flora-Fauna',10000,1001.07,0,'2011','SS','973351664','0'),('SS000000044','SS INDONESIA # 1',5000,1009.13,0,'2012','SS','973351664','0'),('SS000000045','SS INDONESIA # 2',5000,1009.13,0,'2012','SS','973351664','0'),('SS000000046','SS INDONESIA # 3',5000,1009.13,0,'2012','SS','973351664','0'),('SS000000047','SS INDONESIA # 4',5000,1009.13,0,'2012','SS','973351664','0'),('SS000000048','SS INDONESIA # 5',5000,1009.13,0,'2012','SS','973351664','0'),('SS000000049','SS INDONESIA # 6',5000,1009.13,0,'2012','SS','973351664','0'),('SS000000050','SS INDONESIA # 7',5000,1009.13,0,'2012','SS','973351664','0'),('SS000000051','SS KAIN TRAD bali',5000,1221.53,0,'2012','SS','973351664','0'),('SS000000052','SS KEPANDUAN',5000,2009.13,0,'2012','SS','973351664','0'),('SS000000053','SS FLORA FAUNA (kuskus)',10000,956.88,0,'2012','SS','973351664','0'),('SS000000054','SS PEDULI LINGKUNGAN',5000,1009.13,0,'2012','SS','973351664','0'),('SS000000055','SS TAHUN ULAR 2564',10000,896,0,'2013','SS','973351664','0'),('SS000000056','SS AUSTRALIA',10000,962,0,'2013','SS','973351664','0'),('SS000000057','SS PEDULI LINGK',5000,896,0,'2013','SS','973351664','0'),('SS000000058','SS LEM. PURBAKALA',10000,896,300,'2013','SS','973351664','0'),('SS000000059','SS THAILAND',10000,670,0,'2013','SS','973351664','0'),('SS000000060','SS FLORA FAUNA',10000,970.67,0,'2013','SS','973351664','0'),('SS000000061','SS Tahun Kuda',10000,1107.11,195,'2014','SS','973351664','0'),('SS000000062','SS PEDULI LINGK',10000,1146,0,'2014','SS','973351664','0'),('SS000000063','SS Four Nation Bdg',20000,1586.85,1000,'2014','SS','973351664','0'),('SS000000064','SS Uncut Four Nation',60000,3173.7,0,'2014','SS','973351664','0'),('SS000000065','SS 150thn Prangko',50000,22904.74,5750,'2014','SS','973351664','0'),('SS000000066','SS Malaysia',10000,931.5,0,'2014','SS','973351664','0'),('SS000000067','SS Flora Fauna (2)',10000,1871,0,'2014','SS','973351664','0'),('SS000000068','SS Peduli Lingkungan',5000,1064.25,0,'2015','SS','973351664','0'),('SS000000069','SS Kambing',10000,1410,0,'2015','SS','973351664','0'),('SS000000070','SS Penangulangan Bencana',5000,1272.5,0,'2015','SS','973351664','0'),('SS000000071','SS Singapore',5000,1270.91,0,'2015','SS','973351664','0'),('SS000000072','SS Presiden dan Wapres (set x 2)',16000,1270.91,2699,'2015','SS','973351664','0'),('SS000000073','SS FLORA FAUNA',5000,1186.92,0,'2015','SS','973351664','0'),('SS000000074','SS Panfila sb',20000,2134.42,0,'2015','SS','973351664','0'),('SS000000075','SS Daerah Tujuan Wisata ',5000,1265.25,0,'2016','SS','973351664','0'),('SS000000076','SS Tahun Monyet',10000,5304,0,'2016','SS','973351664','0'),('SS000000077','SS Gerhana Matahari Total',15000,3594.5,0,'2016','SS','973351664','0'),('SS000000078','SS GMT Total + KACAMATA',40000,28594.5,0,'2016','SS','973351664','0'),('SS000000079','SS JIS Ina-Thailand',36000,34323,240,'2016','SS','973351664','0'),('SS000000080','SS Pon XIX',10000,3456.25,0,'2016','SS','973351664','0'),('SS000000081','SS Satelit Indonesia',10000,2120.48,800,'2016','SS','973351664','0'),('SS000000082','SS Philataipei',10000,2120.25,0,'2016','SS','973351664','0'),('SS000000083','Ss flora fauna 2016',10000,1400.48,0,'2016','SS','973351664','0'),('SS000000084','SS Panfila Yogyakarta',10000,4905.25,0,'2016','SS','973351664','0'),('SS000000085','SS JIS Ina-Thailand (CT) 2016',36000,34323,0,'2016','SS','973351664','0'),('SS000000086','SS Shio Ayam',10000,1561,298,'2017','SS','973351664','0'),('SS000000087','SS Daerah Tujuan Wisata',8000,1354.83,4399,'2017','SS','973351664','0'),('SS000000088','SS dua abad kebon raya bogor',20000,5511.62,1940,'2017','SS','973351664','0'),('SS000000089','SS Peduli Lingkungan ',10000,2714,0,'2017','SS','973351664','0'),('SS000000090','SS Post Crossing',10000,1796,0,'2017','SS','973351664','0'),('SS000000091','SS Jis Ina Singapura 2017',20000,3108.89,2000,'2017','SS','973351664','0'),('SS000000092','SS Bandung 2017 #1 - #5',10000,0,0,'2017','SS','973351664','0'),('SS000000093','SS BANDUNG 2017 spesial',10000,0,0,'2017','SS','973351664','0'),('SS000000094','SS Buah Nusantara ',20000,0,2200,'2017','SS','973351664','0');
/*!40000 ALTER TABLE `tb_produk` ENABLE KEYS */;
UNLOCK TABLES;

--
-- Table structure for table `tb_regional`
--

DROP TABLE IF EXISTS `tb_regional`;
CREATE TABLE `tb_regional` (
  `id_regional` varchar(3) NOT NULL,
  `regional` varchar(100) NOT NULL,
  `kode_pos` varchar(5) NOT NULL,
  `no_telp` varchar(9) default NULL,
  `alamat` varchar(100) default NULL,
  PRIMARY KEY  (`id_regional`)
) ENGINE=InnoDB DEFAULT CHARSET=latin1;

--
-- Dumping data for table `tb_regional`
--

LOCK TABLES `tb_regional` WRITE;
/*!40000 ALTER TABLE `tb_regional` DISABLE KEYS */;
INSERT INTO `tb_regional` VALUES ('AB','AMBOINA','97000','0','-'),('AMT','AMUNTAI','71400','0','-'),('ATU','ATAMBUA','85700','0','-'),('BA','BANJARNEGARA','53400','0','-'),('BAU','BAU-BAU','93700','0','-'),('BB','BREBES','52200','0','-'),('BD','BANDUNG','40000','0','-'),('BDL','BANDAR LAMPUNG','35000','0','-'),('BI','BOYOLALI','57300','0','-'),('BIA','BIAK','98100','0','-'),('BIJ','BINJAI','20700','0','-'),('BIM','BIMA','84100','0','-'),('BJ','BOJONEGORO','62100','0','-'),('BJB','BANJAR BARU','70700','0','-'),('BJM','BANJARMASIN','70000','0','-'),('BJR','BANJAR','46300','0','-'),('BKL','BANGKALAN','69100','0','-'),('BKS','BEKASI','17000','0','-'),('BKT','BUKIT TINGGI','26100','0','-'),('BL','BLITAR','66100','0','-'),('BLA','BLORA','58200','0','-'),('BLG','BALIGE','22300','0','-'),('BLK','BULUKUMBA','92500','0','-'),('BN','BENGKULU','39800','0','-'),('BNA','BANDA ACEH','23000','0','-'),('BO','BONDOWOSO','68200','0','-'),('BOO','BOGOR','16000','0','-'),('BOT','BONTANG','75300','0','-'),('BPP','BALIKPAPAN','76100','0','-'),('BTA','BATURAJA','32100','0','-'),('BTM','BATAM','29400','0','-'),('BUL','BANTUL','55700','0','-'),('BW','BANYUWANGI','68400','0','-'),('CBI','CIBINONG','16900','0','-'),('CI','CIAMIS','46200','0','-'),('CJ','CIANJUR','43200','0','-'),('CLG','CILEGON','42400','0','-'),('CMI','CIMAHI','40500','0','-'),('CN','CIREBON','45100','0','-'),('CP','CILACAP','53200','0','-'),('CPA','CIPUTAT','15400','0','-'),('CRP','CURUP','39100','0','-'),('DP','DEPOK','16400','0','-'),('DPR','DENPASAR','80000','0','-'),('DUM','DUMAI','28800','0','-'),('END','ENDE','86300','0','-'),('GIN','GIANYAR','80500','0','-'),('GRT','GARUT','44100','0','-'),('GS','GRESIK','61100','0','-'),('GST','GUNUNGSITOLI','22800','0','-'),('GT','GORONTALO','96100','0','-'),('IM','INDRAMAYU','45200','0','-'),('JAP','JAYAPURA','99000','0','-'),('JAT','JKT TIMUR','13000','0','-'),('JB','JAMBI','36000','0','-'),('JG','JOMBANG','61400','0','-'),('JKB','JKT BARAT','11000','0','-'),('JKS','JKT SELATAN','12000','0','-'),('JKT','JKT PUSAT','10000','0','-'),('JKU','JKT UTARA','14000','0','-'),('JP','JEPARA','59400','0','-'),('JR','JEMBER','68100','0','-'),('KAY','KARANG ANYAR','57700','0','-'),('KB','KOTABUMI','34500','0','-'),('KBE','KABANJAHE','22100','0','-'),('KD','KEDIRI','64100','0','-'),('KDI','KENDARI','93000','0','-'),('KGN','KANDANGAN','71200','0','-'),('KIS','KISARAN','21200','0','-'),('KL','KENDAL','51300','0','-'),('KM','KEBUMEN','53400','0','-'),('KNG','KUNINGAN','45500','0','-'),('KPA','KUPANG','85000','0','-'),('KS','KUDUS','59300','0','-'),('KT','KLATEN','57400','0','-'),('KTC','KUTACANE','24600','0','-'),('KTG','KOTAMUBAGU','95700','0','-'),('KTP','KETAPANG','78800','0','-'),('KW','KARAWANG','41300','0','-'),('LB','LUBUK SIKAPING','26300','0','-'),('LGS','LANGSA','24400','0','-'),('LK','LUWUK','94700','0','-'),('LLG','LUBUK LINGGAU','31600','0','-'),('LM','LUMAJANG','67300','0','-'),('LMG','LAMONGAN','62200','0','-'),('LSM','LHOKSEUMAWE','24300','0','-'),('LT','LAHAT','31400','0','-'),('MAB','MUARABUNGO','37200','0','-'),('MBO','MEULABOH','23600','0','-'),('MDN','MEDAN','20000','0','-'),('ME','MUARAENIM','31300','0','-'),('MET','METRO','34100','0','-'),('MG','MAGELANG','56100','0','-'),('MGT','MAGETAN','63300','0','-'),('MJL','MAJALENGKA','45400','0','-'),('MKS','MAKASSAR','90000','0','-'),('ML','MALANG','65100','0','-'),('MME','MAUMERE','86100','0','-'),('MN','MADIUN','63100','0','-'),('MO','MANADO','95000','0','-'),('MR','MOJOKERTO','61300','0','-'),('MRK','MERAUKE','99600','0','-'),('MTR','MATARAM','83000','0','-'),('MW','MANOKWARI','98300','0','-'),('NAB','NABIRE','98800','0','-'),('NJ','NGANJUK','64400','0','-'),('NW','NGAWI','63200','0','-'),('PAL','PALU','94000','0','-'),('PB','PROBOLINGGO','67200','0','-'),('PBG','PURBALINGGA','53300','0','-'),('PBM','PRABUMULIH','31100','0','-'),('PBR','PEKANBARU','28000','0','-'),('PBU','PANGKALANBUN','74100','0','-'),('PD','PADANG','25000','0','-'),('PDG','PANDEGLANG','42200','0','-'),('PG','PALEMBANG','30000','0','-'),('PGP','PANGKAL PINANG','33100','0','-'),('PK','PEKALONGAN','51100','0','-'),('PLK','PALANGKARAYA','73000','0','-'),('PLP','PALOPO','91900','0','-'),('PM','PAMEKASAN','69300','0','-'),('PML','PEMALANG','53200','0','-'),('PMN','PARIAMAN','25500','0','-'),('PNN','PAINAN','25600','0','-'),('PO','PONOROGO','63400','0','-'),('PP','PADANG PANJANG','27100','0','-'),('PRE','PARE-PARE','91100','0','-'),('PS','PASURUAN','67100','0','-'),('PSM','PEMATANGSIANTAR','21100','0','-'),('PSP','PADANGSIDEMPUAN','22700','0','-'),('PT','PATI','59100','0','-'),('PTK','PONTIANAK','78000','0','-'),('PW','PURWODADIGROBOGAN','58100','0','-'),('PWK','PURWAKARTA','41100','0','-'),('PWR','PURWOREJO','54100','0','-'),('PWT','PURWOKERTO','53100','0','-'),('PY','PAYAKUMBUH','26200','0','-'),('RAP','RANTAUPRAPAT','21400','0','-'),('RGT','RENGAT','29300','0','-'),('RK','RANGKAS BITUNG','42300','0','-'),('SA','SALATIGA','50700','0','-'),('SAG','SANGGAU','78500','0','-'),('SB','SURABAYA','60000','0','-'),('SBG','SIBOLGA','22500','0','-'),('SBW','SUMBAWA BESAR','84300','0','-'),('SDA','SIDOARJO','61200','0','-'),('SEL','SELONG','86300','0','-'),('SG','SERANG','42100','0','-'),('SGI','SIGLI','24100','0','-'),('SGR','SINGARAJA','81100','0','-'),('SI','SUKABUMI','43100','0','-'),('SIT','SITUBONDO','68300','0','-'),('SKH','SUKOHARJO','57500','0','-'),('SLK','SOLOK','27300','0','-'),('SLO','SOLO','57100','0','-'),('SM','SEMARANG','50000','0','-'),('SMD','SUMEDANG','45300','0','-'),('SMP','SUMENEP','69400','0','-'),('SMR','SAMARINDA','75000','0','-'),('SOE','SOE','85500','0','-'),('SON','SORONG','98400','0','-'),('SPN','SUNGAIPENUH','37100','0','-'),('SPT','SAMPIT','74300','0','-'),('SR','SRAGEN','57200','0','-'),('SRG','SOREANG','40900','0','-'),('STG','SINTANG','78600','0','-'),('SU','SUBANG','41200','0','-'),('SW','SINGKAWANG','79100','0','-'),('SWL','SAWAH LUNTO','27400','0','-'),('TA','TULUNG AGUNG','66200','0','-'),('TAR','TARAKAN','77100','0','-'),('TBH','TEMBILAHAN','29200','0','-'),('TBN','TABANAN','82100','0','-'),('TBT','TEBING TINGGI DELI','20600','0','-'),('TDN','TANJUNG PANDAN','33400','0','-'),('TG','TEGAL','52100','0','-'),('TIM','TIMIKA','99900','0','-'),('TMG','TEMANGGUNG','56200','0','-'),('TN','TUBAN','62300','0','-'),('TNG','TANGERANG','15000','0','-'),('TNR','TANJUNG REBED','77300','0','-'),('TPI','TANJUNG PINANG','29100','0','-'),('TRG','TENGGARONG','75500','0','-'),('TRT','TARUTUNG','22400','0','-'),('TSM','TASIKMALAYA','46100','0','-'),('TT','TERNATE','97700','0','-'),('TTN','TAPAKTUAN','23700','0','-'),('TUL','TUAL','97600','0','-'),('UNR','UNGARAN','50500','0','-'),('WGP','WAINGAPU','87100','0','-'),('WNG','WONOGIRI','57600','0','-'),('WNO','WONOSARIYOGYA','55800','0','-'),('WS','WONOSOBO','56300','0','-'),('WT','WATESYOGYA','55600','0','-'),('WTP','WATAMPONE','92700','0','-'),('YK','YOGYAKARTA','55000','0','-');
/*!40000 ALTER TABLE `tb_regional` ENABLE KEYS */;
UNLOCK TABLES;

--
-- Table structure for table `tb_trans_pemesanan`
--

DROP TABLE IF EXISTS `tb_trans_pemesanan`;
CREATE TABLE `tb_trans_pemesanan` (
  `id_pemesanan` varchar(10) NOT NULL,
  `no_pemesanan` varchar(10) NOT NULL,
  `id_produk` varchar(11) NOT NULL,
  `jumlah_pesan` int(11) NOT NULL,
  `tgl_pesan` date NOT NULL,
  `id_mitra` varchar(5) NOT NULL,
  `status` varchar(15) NOT NULL,
  PRIMARY KEY  (`id_pemesanan`),
  KEY `fk_id_produk_pemesanan` (`id_produk`),
  KEY `fk_id_mitra_pemesanan` (`id_mitra`),
  CONSTRAINT `fk_id_mitra_pemesanan` FOREIGN KEY (`id_mitra`) REFERENCES `tb_mitra` (`id_mitra`) ON DELETE CASCADE ON UPDATE CASCADE,
  CONSTRAINT `fk_id_produk_pemesanan` FOREIGN KEY (`id_produk`) REFERENCES `tb_produk` (`id_produk`) ON DELETE CASCADE ON UPDATE CASCADE
) ENGINE=InnoDB DEFAULT CHARSET=latin1;

--
-- Dumping data for table `tb_trans_pemesanan`
--

LOCK TABLES `tb_trans_pemesanan` WRITE;
/*!40000 ALTER TABLE `tb_trans_pemesanan` DISABLE KEYS */;
/*!40000 ALTER TABLE `tb_trans_pemesanan` ENABLE KEYS */;
UNLOCK TABLES;

--
-- Table structure for table `tb_trans_penerimaan`
--

DROP TABLE IF EXISTS `tb_trans_penerimaan`;
CREATE TABLE `tb_trans_penerimaan` (
  `id_penerimaan` varchar(10) NOT NULL,
  `no_order_penerimaan` varchar(14) NOT NULL,
  `tgl_penerimaan` date NOT NULL,
  `jml_terima` int(11) NOT NULL,
  `id_pemesanan` varchar(10) NOT NULL,
  `id_produk` varchar(11) NOT NULL,
  `id_mitra` varchar(8) NOT NULL,
  `stok_awal` int(11) NOT NULL,
  `stok_akhir` int(11) NOT NULL,
  `subtotal_terima` int(11) NOT NULL,
  `sisa_belum_dikirim` int(11) NOT NULL,
  `keterangan` text,
  PRIMARY KEY  (`id_penerimaan`),
  KEY `fk_id_produk_penerimaan` (`id_pemesanan`),
  KEY `fk_id_suplier_penerimaan` (`id_mitra`),
  KEY `fk_id_produk_terima` (`id_produk`),
  CONSTRAINT `fk_id_mitra` FOREIGN KEY (`id_mitra`) REFERENCES `tb_mitra` (`id_mitra`) ON DELETE CASCADE ON UPDATE CASCADE,
  CONSTRAINT `fk_id_pemesanan` FOREIGN KEY (`id_pemesanan`) REFERENCES `tb_trans_pemesanan` (`id_pemesanan`) ON DELETE CASCADE ON UPDATE CASCADE,
  CONSTRAINT `fk_id_produk_terima` FOREIGN KEY (`id_produk`) REFERENCES `tb_produk` (`id_produk`) ON DELETE CASCADE ON UPDATE CASCADE
) ENGINE=InnoDB DEFAULT CHARSET=latin1;

--
-- Dumping data for table `tb_trans_penerimaan`
--

LOCK TABLES `tb_trans_penerimaan` WRITE;
/*!40000 ALTER TABLE `tb_trans_penerimaan` DISABLE KEYS */;
/*!40000 ALTER TABLE `tb_trans_penerimaan` ENABLE KEYS */;
UNLOCK TABLES;

DELIMITER ;;
/*!50003 SET SESSION SQL_MODE="NO_AUTO_VALUE_ON_ZERO" */;;
/*!50003 CREATE */ /*!50017 DEFINER=`root`@`localhost` */ /*!50003 TRIGGER `update_stok_penerimaan` AFTER INSERT ON `tb_trans_penerimaan` FOR EACH ROW BEGIN
	UPDATE tb_produk SET tb_produk.stok=NEW.stok_akhir WHERE tb_produk.id_produk = NEW.id_produk;
    IF(NEW.sisa_belum_dikirim=0) THEN
    UPDATE tb_trans_pemesanan 
    SET tb_trans_pemesanan.status='selesai' WHERE id_pemesanan=NEW.id_pemesanan;
    END IF;
END */;;

DELIMITER ;
/*!50003 SET SESSION SQL_MODE=@OLD_SQL_MODE */;

--
-- Table structure for table `tb_trans_pengembalian`
--

DROP TABLE IF EXISTS `tb_trans_pengembalian`;
CREATE TABLE `tb_trans_pengembalian` (
  `id_pengembalian` varchar(10) NOT NULL,
  `tgl_pengembalian` date NOT NULL,
  `jml_pengembalian` int(11) NOT NULL,
  `dus` smallint(6) default NULL,
  `id_regional` varchar(5) NOT NULL,
  `id_produk` varchar(11) NOT NULL,
  `stok_awal` int(11) NOT NULL,
  `stok_akhir` int(11) NOT NULL,
  `keterangan` text,
  PRIMARY KEY  (`id_pengembalian`),
  KEY `fk_id_reg_pengembalian` (`id_regional`),
  KEY `fk_id_produk` (`id_produk`),
  CONSTRAINT `fk_id_produk` FOREIGN KEY (`id_produk`) REFERENCES `tb_produk` (`id_produk`) ON DELETE CASCADE ON UPDATE CASCADE,
  CONSTRAINT `fk_id_regional` FOREIGN KEY (`id_regional`) REFERENCES `tb_regional` (`id_regional`) ON DELETE CASCADE ON UPDATE CASCADE
) ENGINE=InnoDB DEFAULT CHARSET=latin1;

--
-- Dumping data for table `tb_trans_pengembalian`
--

LOCK TABLES `tb_trans_pengembalian` WRITE;
/*!40000 ALTER TABLE `tb_trans_pengembalian` DISABLE KEYS */;
/*!40000 ALTER TABLE `tb_trans_pengembalian` ENABLE KEYS */;
UNLOCK TABLES;

DELIMITER ;;
/*!50003 SET SESSION SQL_MODE="NO_AUTO_VALUE_ON_ZERO" */;;
/*!50003 CREATE */ /*!50017 DEFINER=`root`@`localhost` */ /*!50003 TRIGGER `update_stok_pengembalian` AFTER INSERT ON `tb_trans_pengembalian` FOR EACH ROW BEGIN
	UPDATE tb_produk SET tb_produk.stok=NEW.stok_akhir WHERE tb_produk.id_produk=NEW.id_produk;
END */;;

DELIMITER ;
/*!50003 SET SESSION SQL_MODE=@OLD_SQL_MODE */;

--
-- Table structure for table `tb_trans_pengiriman`
--

DROP TABLE IF EXISTS `tb_trans_pengiriman`;
CREATE TABLE `tb_trans_pengiriman` (
  `id_pengiriman` varchar(10) NOT NULL,
  `no_order_pengiriman` varchar(12) NOT NULL,
  `tgl_pengiriman` date NOT NULL,
  `jml_pengiriman` int(11) NOT NULL,
  `bsu` double NOT NULL,
  `id_regional` varchar(5) NOT NULL,
  `id_produk` varchar(11) NOT NULL,
  `stok_awal` int(11) NOT NULL,
  `stok_akhir` int(11) NOT NULL,
  PRIMARY KEY  (`id_pengiriman`),
  KEY `fk_id_produk_pengeluaran` (`id_produk`),
  KEY `fk_id_reg_pengeluaran` (`id_regional`),
  CONSTRAINT `fk_id_produk_pengiriman` FOREIGN KEY (`id_produk`) REFERENCES `tb_produk` (`id_produk`) ON DELETE CASCADE ON UPDATE CASCADE,
  CONSTRAINT `fk_id_regional_pengiriman` FOREIGN KEY (`id_regional`) REFERENCES `tb_regional` (`id_regional`) ON DELETE CASCADE ON UPDATE CASCADE
) ENGINE=InnoDB DEFAULT CHARSET=latin1 ROW_FORMAT=COMPACT;

--
-- Dumping data for table `tb_trans_pengiriman`
--

LOCK TABLES `tb_trans_pengiriman` WRITE;
/*!40000 ALTER TABLE `tb_trans_pengiriman` DISABLE KEYS */;
/*!40000 ALTER TABLE `tb_trans_pengiriman` ENABLE KEYS */;
UNLOCK TABLES;

DELIMITER ;;
/*!50003 SET SESSION SQL_MODE="NO_AUTO_VALUE_ON_ZERO" */;;
/*!50003 CREATE */ /*!50017 DEFINER=`root`@`localhost` */ /*!50003 TRIGGER `update_stok_pengiriman` AFTER INSERT ON `tb_trans_pengiriman` FOR EACH ROW BEGIN
	UPDATE tb_produk SET tb_produk.stok=NEW.stok_akhir WHERE
    tb_produk.id_produk=NEW.id_produk;
END */;;

DELIMITER ;
/*!50003 SET SESSION SQL_MODE=@OLD_SQL_MODE */;

--
-- Table structure for table `tb_user`
--

DROP TABLE IF EXISTS `tb_user`;
CREATE TABLE `tb_user` (
  `nik` varchar(12) NOT NULL,
  `password` varchar(30) NOT NULL,
  `nama_user` varchar(50) NOT NULL,
  `hak_akses` varchar(2) NOT NULL,
  `status` varchar(1) NOT NULL default '0',
  `penyimpanan` varchar(150) default NULL,
  PRIMARY KEY  (`nik`)
) ENGINE=InnoDB DEFAULT CHARSET=latin1;

--
-- Dumping data for table `tb_user`
--

LOCK TABLES `tb_user` WRITE;
/*!40000 ALTER TABLE `tb_user` DISABLE KEYS */;
INSERT INTO `tb_user` VALUES ('973351664','123','SRIYADI BASUKI','FL','0','D:\\'),('admin','admin','administrator','AD','0',NULL);
/*!40000 ALTER TABLE `tb_user` ENABLE KEYS */;
UNLOCK TABLES;
/*!40103 SET TIME_ZONE=@OLD_TIME_ZONE */;

/*!40101 SET SQL_MODE=@OLD_SQL_MODE */;
/*!40014 SET FOREIGN_KEY_CHECKS=@OLD_FOREIGN_KEY_CHECKS */;
/*!40014 SET UNIQUE_CHECKS=@OLD_UNIQUE_CHECKS */;
/*!40101 SET CHARACTER_SET_CLIENT=@OLD_CHARACTER_SET_CLIENT */;
/*!40101 SET CHARACTER_SET_RESULTS=@OLD_CHARACTER_SET_RESULTS */;
/*!40101 SET COLLATION_CONNECTION=@OLD_COLLATION_CONNECTION */;
/*!40111 SET SQL_NOTES=@OLD_SQL_NOTES */;

-- Dump completed on 2018-03-13  4:30:42
